/****************************************************************************
** Resource object code
**
** Created by: The Resource Compiler for Qt version 6.9.2
**
** WARNING! All changes made in this file will be lost!
*****************************************************************************/

#ifdef _MSC_VER
// disable informational message "function ... selected for automatic inline expansion"
#pragma warning (disable: 4711)
#endif

static const unsigned char qt_resource_data[] = {
  // depth_VS.glsl
  0x0,0x0,0x0,0xff,
  0x23,
  0x76,0x65,0x72,0x73,0x69,0x6f,0x6e,0x20,0x33,0x33,0x30,0x20,0x63,0x6f,0x72,0x65,
  0xa,0xa,0x2f,0x2f,0x68,0x74,0x74,0x70,0x73,0x3a,0x2f,0x2f,0x6c,0x65,0x61,0x72,
  0x6e,0x6f,0x70,0x65,0x6e,0x67,0x6c,0x2e,0x63,0x6f,0x6d,0x2f,0x41,0x64,0x76,0x61,
  0x6e,0x63,0x65,0x64,0x2d,0x4c,0x69,0x67,0x68,0x74,0x69,0x6e,0x67,0x2f,0x53,0x68,
  0x61,0x64,0x6f,0x77,0x73,0x2f,0x53,0x68,0x61,0x64,0x6f,0x77,0x2d,0x4d,0x61,0x70,
  0x70,0x69,0x6e,0x67,0xa,0xa,0x69,0x6e,0x20,0x76,0x65,0x63,0x34,0x20,0x76,0x65,
  0x72,0x74,0x65,0x78,0x50,0x6f,0x73,0x69,0x74,0x69,0x6f,0x6e,0x5f,0x6d,0x6f,0x64,
  0x65,0x6c,0x53,0x70,0x61,0x63,0x65,0x3b,0xa,0xa,0x75,0x6e,0x69,0x66,0x6f,0x72,
  0x6d,0x20,0x6d,0x61,0x74,0x34,0x20,0x4c,0x69,0x67,0x68,0x74,0x56,0x69,0x65,0x77,
  0x4d,0x61,0x74,0x72,0x69,0x78,0x3b,0x20,0x2f,0x2f,0x20,0x70,0x72,0x6f,0x6a,0x65,
  0x63,0x74,0x69,0x6f,0x6e,0x20,0x2a,0x20,0x76,0x69,0x65,0x77,0x3b,0xa,0xa,0x76,
  0x6f,0x69,0x64,0x20,0x6d,0x61,0x69,0x6e,0x28,0x29,0xa,0x7b,0xa,0x20,0x20,0x20,
  0x20,0x67,0x6c,0x5f,0x50,0x6f,0x73,0x69,0x74,0x69,0x6f,0x6e,0x20,0x3d,0x20,0x4c,
  0x69,0x67,0x68,0x74,0x56,0x69,0x65,0x77,0x4d,0x61,0x74,0x72,0x69,0x78,0x20,0x2a,
  0x20,0x76,0x65,0x72,0x74,0x65,0x78,0x50,0x6f,0x73,0x69,0x74,0x69,0x6f,0x6e,0x5f,
  0x6d,0x6f,0x64,0x65,0x6c,0x53,0x70,0x61,0x63,0x65,0x3b,0xa,0x7d,0xa,
    // depth_FS.glsl
  0x0,0x0,0x2,0x39,
  0x23,
  0x76,0x65,0x72,0x73,0x69,0x6f,0x6e,0x20,0x33,0x33,0x30,0x20,0x63,0x6f,0x72,0x65,
  0xa,0xa,0xa,0x2f,0x2f,0x68,0x74,0x74,0x70,0x73,0x3a,0x2f,0x2f,0x6c,0x65,0x61,
  0x72,0x6e,0x6f,0x70,0x65,0x6e,0x67,0x6c,0x2e,0x63,0x6f,0x6d,0x2f,0x41,0x64,0x76,
  0x61,0x6e,0x63,0x65,0x64,0x2d,0x4c,0x69,0x67,0x68,0x74,0x69,0x6e,0x67,0x2f,0x53,
  0x68,0x61,0x64,0x6f,0x77,0x73,0x2f,0x53,0x68,0x61,0x64,0x6f,0x77,0x2d,0x4d,0x61,
  0x70,0x70,0x69,0x6e,0x67,0xa,0x76,0x6f,0x69,0x64,0x20,0x6d,0x61,0x69,0x6e,0x28,
  0x29,0xa,0x7b,0xa,0x2f,0x2f,0x20,0x20,0x20,0x20,0x53,0x69,0x6e,0x63,0x65,0x20,
  0x77,0x65,0x20,0x68,0x61,0x76,0x65,0x20,0x6e,0x6f,0x20,0x63,0x6f,0x6c,0x6f,0x72,
  0x20,0x62,0x75,0x66,0x66,0x65,0x72,0x20,0x61,0x6e,0x64,0x20,0x64,0x69,0x73,0x61,
  0x62,0x6c,0x65,0x64,0x20,0x74,0x68,0x65,0x20,0x64,0x72,0x61,0x77,0x20,0x61,0x6e,
  0x64,0x20,0x72,0x65,0x61,0x64,0x20,0x62,0x75,0x66,0x66,0x65,0x72,0x73,0x2c,0xa,
  0x2f,0x2f,0x20,0x20,0x20,0x20,0x74,0x68,0x65,0x20,0x72,0x65,0x73,0x75,0x6c,0x74,
  0x69,0x6e,0x67,0x20,0x66,0x72,0x61,0x67,0x6d,0x65,0x6e,0x74,0x73,0x20,0x64,0x6f,
  0x20,0x6e,0x6f,0x74,0x20,0x72,0x65,0x71,0x75,0x69,0x72,0x65,0x20,0x61,0x6e,0x79,
  0x20,0x70,0x72,0x6f,0x63,0x65,0x73,0x73,0x69,0x6e,0x67,0x20,0x73,0x6f,0x20,0x77,
  0x65,0x20,0x63,0x61,0x6e,0x20,0x73,0x69,0x6d,0x70,0x6c,0x79,0x20,0x75,0x73,0x65,
  0x20,0x61,0x6e,0x20,0x65,0x6d,0x70,0x74,0x79,0x20,0x66,0x72,0x61,0x67,0x6d,0x65,
  0x6e,0x74,0x20,0x73,0x68,0x61,0x64,0x65,0x72,0x3a,0xa,0xa,0x2f,0x2f,0x20,0x20,
  0x20,0x20,0x20,0x67,0x6c,0x5f,0x46,0x72,0x61,0x67,0x44,0x65,0x70,0x74,0x68,0x20,
  0x3d,0x20,0x67,0x6c,0x5f,0x46,0x72,0x61,0x67,0x43,0x6f,0x6f,0x72,0x64,0x2e,0x7a,
  0x3b,0xa,0x7d,0xa,0x2f,0x2f,0x54,0x68,0x69,0x73,0x20,0x65,0x6d,0x70,0x74,0x79,
  0x20,0x66,0x72,0x61,0x67,0x6d,0x65,0x6e,0x74,0x20,0x73,0x68,0x61,0x64,0x65,0x72,
  0x20,0x64,0x6f,0x65,0x73,0x20,0x6e,0x6f,0x20,0x70,0x72,0x6f,0x63,0x65,0x73,0x73,
  0x69,0x6e,0x67,0x20,0x77,0x68,0x61,0x74,0x73,0x6f,0x65,0x76,0x65,0x72,0x2c,0x20,
  0x61,0x6e,0x64,0x20,0x61,0x74,0x20,0x74,0x68,0x65,0x20,0x65,0x6e,0x64,0x20,0x6f,
  0x66,0x20,0x69,0x74,0x73,0x20,0x72,0x75,0x6e,0x20,0x74,0x68,0x65,0x20,0x64,0x65,
  0x70,0x74,0x68,0x20,0x62,0x75,0x66,0x66,0x65,0x72,0x20,0x69,0x73,0x20,0x75,0x70,
  0x64,0x61,0x74,0x65,0x64,0x2e,0xa,0x2f,0x2f,0x57,0x65,0x20,0x63,0x6f,0x75,0x6c,
  0x64,0x20,0x65,0x78,0x70,0x6c,0x69,0x63,0x69,0x74,0x6c,0x79,0x20,0x73,0x65,0x74,
  0x20,0x74,0x68,0x65,0x20,0x64,0x65,0x70,0x74,0x68,0x20,0x62,0x79,0x20,0x75,0x6e,
  0x63,0x6f,0x6d,0x6d,0x65,0x6e,0x74,0x69,0x6e,0x67,0x20,0x69,0x74,0x73,0x20,0x6f,
  0x6e,0x65,0x20,0x6c,0x69,0x6e,0x65,0x2c,0x20,0x62,0x75,0x74,0x20,0x74,0x68,0x69,
  0x73,0x20,0x69,0x73,0x20,0x65,0x66,0x66,0x65,0x63,0x74,0x69,0x76,0x65,0x6c,0x79,
  0x20,0x77,0x68,0x61,0x74,0x20,0x68,0x61,0x70,0x70,0x65,0x6e,0x73,0x20,0x62,0x65,
  0x68,0x69,0x6e,0x64,0x20,0x74,0x68,0x65,0x20,0x73,0x63,0x65,0x6e,0x65,0x20,0x61,
  0x6e,0x79,0x77,0x61,0x79,0x73,0x2e,0xa,
    // fractal_VS.glsl
  0x0,0x0,0x1,0x77,
  0x23,
  0x76,0x65,0x72,0x73,0x69,0x6f,0x6e,0x20,0x33,0x33,0x30,0xa,0xa,0x75,0x6e,0x69,
  0x66,0x6f,0x72,0x6d,0x20,0x76,0x65,0x63,0x32,0x20,0x20,0x56,0x69,0x65,0x77,0x54,
  0x72,0x61,0x6e,0x73,0x3b,0xa,0x75,0x6e,0x69,0x66,0x6f,0x72,0x6d,0x20,0x66,0x6c,
  0x6f,0x61,0x74,0x20,0x56,0x69,0x65,0x77,0x53,0x63,0x61,0x6c,0x65,0x3b,0xa,0x75,
  0x6e,0x69,0x66,0x6f,0x72,0x6d,0x20,0x66,0x6c,0x6f,0x61,0x74,0x20,0x56,0x69,0x65,
  0x77,0x52,0x61,0x74,0x69,0x6f,0x3b,0xa,0xa,0x6c,0x61,0x79,0x6f,0x75,0x74,0x28,
  0x6c,0x6f,0x63,0x61,0x74,0x69,0x6f,0x6e,0x20,0x3d,0x20,0x30,0x29,0x20,0x69,0x6e,
  0x20,0x76,0x65,0x63,0x32,0x20,0x56,0x65,0x72,0x74,0x65,0x78,0x50,0x6f,0x73,0x69,
  0x74,0x69,0x6f,0x6e,0x3b,0xa,0xa,0x6f,0x75,0x74,0x20,0x76,0x65,0x63,0x32,0x20,
  0x70,0x6f,0x73,0x3b,0xa,0xa,0x76,0x6f,0x69,0x64,0x20,0x6d,0x61,0x69,0x6e,0x28,
  0x76,0x6f,0x69,0x64,0x29,0xa,0x7b,0xa,0x20,0x20,0x20,0x20,0x70,0x6f,0x73,0x2e,
  0x78,0x20,0x3d,0x20,0x28,0x56,0x65,0x72,0x74,0x65,0x78,0x50,0x6f,0x73,0x69,0x74,
  0x69,0x6f,0x6e,0x2e,0x78,0x2f,0x56,0x69,0x65,0x77,0x53,0x63,0x61,0x6c,0x65,0x20,
  0x20,0x20,0x20,0x20,0x20,0x20,0x20,0x20,0x20,0x20,0x2b,0x20,0x56,0x69,0x65,0x77,
  0x54,0x72,0x61,0x6e,0x73,0x2e,0x78,0x29,0x3b,0xa,0x20,0x20,0x20,0x20,0x70,0x6f,
  0x73,0x2e,0x79,0x20,0x3d,0x20,0x28,0x56,0x65,0x72,0x74,0x65,0x78,0x50,0x6f,0x73,
  0x69,0x74,0x69,0x6f,0x6e,0x2e,0x79,0x2f,0x56,0x69,0x65,0x77,0x53,0x63,0x61,0x6c,
  0x65,0x2f,0x56,0x69,0x65,0x77,0x52,0x61,0x74,0x69,0x6f,0x20,0x2b,0x20,0x56,0x69,
  0x65,0x77,0x54,0x72,0x61,0x6e,0x73,0x2e,0x79,0x29,0x3b,0xa,0x20,0x20,0x20,0x20,
  0x67,0x6c,0x5f,0x50,0x6f,0x73,0x69,0x74,0x69,0x6f,0x6e,0x20,0x3d,0x20,0x76,0x65,
  0x63,0x34,0x28,0x56,0x65,0x72,0x74,0x65,0x78,0x50,0x6f,0x73,0x69,0x74,0x69,0x6f,
  0x6e,0x2e,0x78,0x2c,0x20,0x56,0x65,0x72,0x74,0x65,0x78,0x50,0x6f,0x73,0x69,0x74,
  0x69,0x6f,0x6e,0x2e,0x79,0x2c,0x20,0x30,0x2e,0x30,0x66,0x2c,0x20,0x31,0x2e,0x30,
  0x66,0x29,0x3b,0xa,0x7d,0xa,
    // julia_FS.glsl
  0x0,0x0,0x6,0x58,
  0x23,
  0x76,0x65,0x72,0x73,0x69,0x6f,0x6e,0x20,0x33,0x33,0x30,0xa,0xa,0x75,0x6e,0x69,
  0x66,0x6f,0x72,0x6d,0x20,0x69,0x6e,0x74,0x20,0x6a,0x75,0x6c,0x69,0x61,0x3b,0xa,
  0x75,0x6e,0x69,0x66,0x6f,0x72,0x6d,0x20,0x76,0x65,0x63,0x32,0x20,0x70,0x61,0x72,
  0x61,0x6d,0x3b,0x20,0x2f,0x2f,0x20,0x74,0x68,0x65,0x20,0x4a,0x75,0x6c,0x69,0x61,
  0x20,0x20,0x70,0x61,0x72,0x61,0x6d,0x65,0x74,0x65,0x72,0xa,0xa,0x75,0x6e,0x69,
  0x66,0x6f,0x72,0x6d,0x20,0x66,0x6c,0x6f,0x61,0x74,0x20,0x74,0x61,0x75,0x3b,0xa,
  0xa,0x75,0x6e,0x69,0x66,0x6f,0x72,0x6d,0x20,0x69,0x6e,0x74,0x20,0x6d,0x61,0x78,
  0x69,0x74,0x65,0x72,0x73,0x3b,0xa,0x75,0x6e,0x69,0x66,0x6f,0x72,0x6d,0x20,0x66,
  0x6c,0x6f,0x61,0x74,0x20,0x6d,0x61,0x78,0x6c,0x65,0x6e,0x67,0x74,0x68,0x3b,0xa,
  0xa,0x69,0x6e,0x20,0x76,0x65,0x63,0x32,0x20,0x70,0x6f,0x73,0x3b,0xa,0xa,0x6c,
  0x61,0x79,0x6f,0x75,0x74,0x28,0x6c,0x6f,0x63,0x61,0x74,0x69,0x6f,0x6e,0x20,0x3d,
  0x20,0x30,0x29,0x20,0x6f,0x75,0x74,0x20,0x76,0x65,0x63,0x34,0x20,0x46,0x72,0x61,
  0x67,0x6d,0x65,0x6e,0x74,0x43,0x6f,0x6c,0x6f,0x72,0x3b,0xa,0xa,0xa,0xa,0x66,
  0x6c,0x6f,0x61,0x74,0x20,0x67,0x6c,0x47,0x65,0x74,0x52,0x65,0x64,0x28,0x66,0x6c,
  0x6f,0x61,0x74,0x20,0x74,0x61,0x75,0x29,0xa,0x7b,0xa,0x20,0x20,0x20,0x20,0x69,
  0x66,0x20,0x20,0x20,0x20,0x20,0x28,0x74,0x61,0x75,0x3e,0x35,0x2e,0x30,0x66,0x2f,
  0x36,0x2e,0x30,0x66,0x29,0x20,0x72,0x65,0x74,0x75,0x72,0x6e,0x20,0x31,0x2e,0x30,
  0x66,0x3b,0xa,0x20,0x20,0x20,0x20,0x65,0x6c,0x73,0x65,0x20,0x69,0x66,0x28,0x74,
  0x61,0x75,0x3e,0x34,0x2e,0x30,0x66,0x2f,0x36,0x2e,0x30,0x66,0x29,0x20,0x72,0x65,
  0x74,0x75,0x72,0x6e,0x20,0x28,0x36,0x2e,0x30,0x66,0x2a,0x28,0x74,0x61,0x75,0x2d,
  0x34,0x2e,0x30,0x66,0x2f,0x36,0x2e,0x30,0x66,0x29,0x29,0x3b,0xa,0x20,0x20,0x20,
  0x20,0x65,0x6c,0x73,0x65,0x20,0x69,0x66,0x28,0x74,0x61,0x75,0x3e,0x32,0x2e,0x30,
  0x66,0x2f,0x36,0x2e,0x30,0x66,0x29,0x20,0x72,0x65,0x74,0x75,0x72,0x6e,0x20,0x30,
  0x2e,0x30,0x66,0x3b,0xa,0x20,0x20,0x20,0x20,0x65,0x6c,0x73,0x65,0x20,0x69,0x66,
  0x28,0x74,0x61,0x75,0x3e,0x31,0x2e,0x30,0x66,0x2f,0x36,0x2e,0x30,0x66,0x29,0x20,
  0x72,0x65,0x74,0x75,0x72,0x6e,0x20,0x31,0x2e,0x30,0x66,0x20,0x2d,0x20,0x28,0x36,
  0x2e,0x30,0x66,0x2a,0x28,0x74,0x61,0x75,0x2d,0x31,0x2e,0x30,0x66,0x2f,0x36,0x2e,
  0x30,0x66,0x29,0x29,0x3b,0xa,0x20,0x20,0x20,0x20,0x65,0x6c,0x73,0x65,0x20,0x20,
  0x20,0x20,0x20,0x20,0x20,0x20,0x20,0x20,0x20,0x20,0x20,0x20,0x20,0x20,0x20,0x20,
  0x20,0x72,0x65,0x74,0x75,0x72,0x6e,0x20,0x31,0x2e,0x30,0x66,0x3b,0xa,0x7d,0xa,
  0xa,0x66,0x6c,0x6f,0x61,0x74,0x20,0x67,0x6c,0x47,0x65,0x74,0x47,0x72,0x65,0x65,
  0x6e,0x28,0x66,0x6c,0x6f,0x61,0x74,0x20,0x74,0x61,0x75,0x29,0xa,0x7b,0xa,0x20,
  0x20,0x20,0x20,0x69,0x66,0x20,0x20,0x20,0x20,0x20,0x20,0x28,0x74,0x61,0x75,0x3c,
  0x32,0x2e,0x30,0x66,0x2f,0x36,0x2e,0x30,0x66,0x29,0x20,0x72,0x65,0x74,0x75,0x72,
  0x6e,0x20,0x30,0x2e,0x30,0x66,0x3b,0xa,0x20,0x20,0x20,0x20,0x65,0x6c,0x73,0x65,
  0x20,0x69,0x66,0x20,0x28,0x74,0x61,0x75,0x3c,0x33,0x2e,0x30,0x66,0x2f,0x36,0x2e,
  0x30,0x66,0x29,0x20,0x72,0x65,0x74,0x75,0x72,0x6e,0x20,0x36,0x2e,0x30,0x66,0x2a,
  0x28,0x74,0x61,0x75,0x2d,0x32,0x2e,0x30,0x66,0x2f,0x36,0x2e,0x30,0x66,0x29,0x3b,
  0xa,0x20,0x20,0x20,0x20,0x65,0x6c,0x73,0x65,0x20,0x69,0x66,0x20,0x28,0x74,0x61,
  0x75,0x3c,0x35,0x2e,0x30,0x66,0x2f,0x36,0x2e,0x30,0x66,0x29,0x20,0x72,0x65,0x74,
  0x75,0x72,0x6e,0x20,0x31,0x2e,0x30,0x66,0x3b,0xa,0x20,0x20,0x20,0x20,0x65,0x6c,
  0x73,0x65,0x20,0x69,0x66,0x20,0x28,0x74,0x61,0x75,0x3c,0x36,0x2e,0x30,0x66,0x2f,
  0x36,0x2e,0x30,0x66,0x29,0x20,0x72,0x65,0x74,0x75,0x72,0x6e,0x20,0x31,0x2e,0x30,
  0x66,0x20,0x2d,0x20,0x28,0x36,0x2e,0x30,0x66,0x2a,0x28,0x74,0x61,0x75,0x2d,0x35,
  0x2e,0x30,0x66,0x2f,0x36,0x2e,0x30,0x66,0x29,0x29,0x3b,0xa,0x20,0x20,0x20,0x20,
  0x65,0x6c,0x73,0x65,0x20,0x20,0x20,0x20,0x20,0x20,0x20,0x20,0x20,0x20,0x20,0x20,
  0x20,0x20,0x20,0x20,0x20,0x20,0x20,0x20,0x72,0x65,0x74,0x75,0x72,0x6e,0x20,0x30,
  0x2e,0x30,0x66,0x3b,0xa,0x7d,0xa,0xa,0x66,0x6c,0x6f,0x61,0x74,0x20,0x67,0x6c,
  0x47,0x65,0x74,0x42,0x6c,0x75,0x65,0x28,0x66,0x6c,0x6f,0x61,0x74,0x20,0x74,0x61,
  0x75,0x29,0xa,0x7b,0xa,0x20,0x20,0x20,0x20,0x69,0x66,0x20,0x20,0x20,0x20,0x20,
  0x20,0x28,0x74,0x61,0x75,0x3c,0x30,0x2e,0x30,0x66,0x29,0x20,0x20,0x20,0x20,0x20,
  0x20,0x72,0x65,0x74,0x75,0x72,0x6e,0x20,0x30,0x2e,0x30,0x66,0x3b,0xa,0x20,0x20,
  0x20,0x20,0x65,0x6c,0x73,0x65,0x20,0x69,0x66,0x20,0x28,0x74,0x61,0x75,0x3c,0x31,
  0x2e,0x30,0x66,0x2f,0x36,0x2e,0x30,0x66,0x29,0x20,0x72,0x65,0x74,0x75,0x72,0x6e,
  0x20,0x36,0x2e,0x30,0x66,0x20,0x2a,0x20,0x74,0x61,0x75,0x3b,0xa,0x20,0x20,0x20,
  0x20,0x65,0x6c,0x73,0x65,0x20,0x69,0x66,0x20,0x28,0x74,0x61,0x75,0x3c,0x33,0x2e,
  0x30,0x66,0x2f,0x36,0x2e,0x30,0x66,0x29,0x20,0x72,0x65,0x74,0x75,0x72,0x6e,0x20,
  0x31,0x2e,0x30,0x66,0x3b,0xa,0x20,0x20,0x20,0x20,0x65,0x6c,0x73,0x65,0x20,0x69,
  0x66,0x20,0x28,0x74,0x61,0x75,0x3c,0x34,0x2e,0x30,0x66,0x2f,0x36,0x2e,0x30,0x66,
  0x29,0x20,0x72,0x65,0x74,0x75,0x72,0x6e,0x20,0x31,0x2e,0x30,0x66,0x20,0x2d,0x20,
  0x28,0x36,0x2e,0x30,0x66,0x2a,0x28,0x74,0x61,0x75,0x2d,0x33,0x2e,0x30,0x66,0x2f,
  0x36,0x2e,0x30,0x66,0x29,0x29,0x3b,0xa,0x20,0x20,0x20,0x20,0x65,0x6c,0x73,0x65,
  0x20,0x20,0x20,0x20,0x20,0x20,0x20,0x20,0x20,0x20,0x20,0x20,0x20,0x20,0x20,0x20,
  0x20,0x20,0x20,0x20,0x72,0x65,0x74,0x75,0x72,0x6e,0x20,0x30,0x2e,0x30,0x66,0x3b,
  0xa,0x7d,0xa,0xa,0xa,0xa,0x76,0x65,0x63,0x32,0x20,0x73,0x71,0x75,0x61,0x72,
  0x65,0x28,0x76,0x65,0x63,0x32,0x20,0x76,0x29,0xa,0x7b,0xa,0x20,0x20,0x20,0x20,
  0x72,0x65,0x74,0x75,0x72,0x6e,0x20,0x76,0x65,0x63,0x32,0x28,0x76,0x2e,0x78,0x2a,
  0x76,0x2e,0x78,0x2d,0x76,0x2e,0x79,0x2a,0x76,0x2e,0x79,0x2c,0x20,0x32,0x2e,0x30,
  0x2a,0x76,0x2e,0x78,0x2a,0x76,0x2e,0x79,0x29,0x3b,0xa,0x7d,0xa,0xa,0xa,0x76,
  0x6f,0x69,0x64,0x20,0x6d,0x61,0x69,0x6e,0x28,0x76,0x6f,0x69,0x64,0x29,0xa,0x7b,
  0xa,0x20,0x20,0x20,0x20,0x76,0x65,0x63,0x32,0x20,0x70,0x74,0x20,0x3d,0x20,0x76,
  0x65,0x63,0x32,0x28,0x30,0x2c,0x30,0x29,0x3b,0xa,0x20,0x20,0x20,0x20,0x76,0x65,
  0x63,0x32,0x20,0x73,0x74,0x61,0x72,0x74,0x70,0x74,0x20,0x3d,0x20,0x76,0x65,0x63,
  0x32,0x28,0x30,0x2c,0x30,0x29,0x3b,0xa,0xa,0x20,0x20,0x20,0x20,0x69,0x66,0x28,
  0x6a,0x75,0x6c,0x69,0x61,0x3d,0x3d,0x31,0x29,0xa,0x20,0x20,0x20,0x20,0x7b,0xa,
  0x20,0x20,0x20,0x20,0x20,0x20,0x20,0x20,0x70,0x74,0x3d,0x70,0x6f,0x73,0x3b,0xa,
  0x20,0x20,0x20,0x20,0x20,0x20,0x20,0x20,0x73,0x74,0x61,0x72,0x74,0x70,0x74,0x20,
  0x3d,0x20,0x70,0x61,0x72,0x61,0x6d,0x3b,0xa,0x20,0x20,0x20,0x20,0x7d,0xa,0x20,
  0x20,0x20,0x20,0x65,0x6c,0x73,0x65,0xa,0x20,0x20,0x20,0x20,0x7b,0xa,0x20,0x20,
  0x20,0x20,0x20,0x20,0x20,0x20,0x73,0x74,0x61,0x72,0x74,0x70,0x74,0x20,0x3d,0x20,
  0x70,0x6f,0x73,0x3b,0xa,0x20,0x20,0x20,0x20,0x7d,0xa,0xa,0x20,0x20,0x20,0x20,
  0x69,0x6e,0x74,0x20,0x69,0x74,0x65,0x72,0x3d,0x30,0x3b,0xa,0x20,0x20,0x20,0x20,
  0x64,0x6f,0xa,0x20,0x20,0x20,0x20,0x7b,0xa,0x20,0x20,0x20,0x20,0x20,0x20,0x20,
  0x20,0x70,0x74,0x20,0x3d,0x20,0x73,0x71,0x75,0x61,0x72,0x65,0x28,0x70,0x74,0x29,
  0x20,0x2b,0x20,0x73,0x74,0x61,0x72,0x74,0x70,0x74,0x3b,0xa,0x20,0x20,0x20,0x20,
  0x20,0x20,0x20,0x20,0x69,0x74,0x65,0x72,0x2b,0x2b,0x3b,0xa,0x20,0x20,0x20,0x20,
  0x7d,0xa,0x20,0x20,0x20,0x20,0x77,0x68,0x69,0x6c,0x65,0x28,0x6c,0x65,0x6e,0x67,
  0x74,0x68,0x28,0x70,0x74,0x29,0x3c,0x6d,0x61,0x78,0x6c,0x65,0x6e,0x67,0x74,0x68,
  0x20,0x26,0x26,0x20,0x69,0x74,0x65,0x72,0x3c,0x6d,0x61,0x78,0x69,0x74,0x65,0x72,
  0x73,0x29,0x3b,0xa,0xa,0x20,0x20,0x20,0x20,0x69,0x66,0x28,0x69,0x74,0x65,0x72,
  0x20,0x3d,0x3d,0x20,0x6d,0x61,0x78,0x69,0x74,0x65,0x72,0x73,0x29,0x20,0x46,0x72,
  0x61,0x67,0x6d,0x65,0x6e,0x74,0x43,0x6f,0x6c,0x6f,0x72,0x20,0x3d,0x20,0x76,0x65,
  0x63,0x34,0x28,0x30,0x2c,0x30,0x2c,0x30,0x2c,0x31,0x29,0x3b,0xa,0x20,0x20,0x20,
  0x20,0x65,0x6c,0x73,0x65,0xa,0x20,0x20,0x20,0x20,0x7b,0xa,0x20,0x20,0x20,0x20,
  0x20,0x20,0x20,0x20,0x46,0x72,0x61,0x67,0x6d,0x65,0x6e,0x74,0x43,0x6f,0x6c,0x6f,
  0x72,0x20,0x3d,0x20,0x6d,0x69,0x6e,0x28,0x33,0x32,0x2e,0x30,0x2c,0x20,0x66,0x6c,
  0x6f,0x61,0x74,0x28,0x69,0x74,0x65,0x72,0x29,0x29,0x2f,0x33,0x32,0x2e,0x30,0x20,
  0x2a,0x20,0x76,0x65,0x63,0x34,0x28,0x67,0x6c,0x47,0x65,0x74,0x52,0x65,0x64,0x28,
  0x74,0x61,0x75,0x29,0x2c,0x20,0x67,0x6c,0x47,0x65,0x74,0x47,0x72,0x65,0x65,0x6e,
  0x28,0x74,0x61,0x75,0x29,0x2c,0x20,0x67,0x6c,0x47,0x65,0x74,0x42,0x6c,0x75,0x65,
  0x28,0x74,0x61,0x75,0x29,0x2c,0x20,0x31,0x2e,0x30,0x29,0x3b,0xa,0x20,0x20,0x20,
  0x20,0x7d,0xa,0x7d,0xa,0xa,0xa,
    // quat_FS.glsl
  0x0,0x0,0x2,0xc1,
  0x28,
  0xb5,0x2f,0xfd,0x60,0x3b,0x9,0xbd,0x15,0x0,0xb6,0x98,0x4d,0x20,0x20,0xcf,0x3c,
  0x18,0x12,0x50,0x20,0xd2,0x21,0xc9,0x72,0x99,0x9e,0x1,0x3,0x82,0x0,0xd,0x13,
  0xc1,0xff,0xfd,0xa,0x5,0xd0,0xbc,0xbc,0x84,0x10,0xa1,0x64,0x40,0x45,0x0,0x42,
  0x0,0x45,0x0,0xf4,0xbd,0x2a,0x92,0x21,0x76,0x56,0x79,0x6b,0xb6,0xe1,0x99,0xa9,
  0x96,0x1a,0xbe,0xf5,0x5e,0x78,0x80,0xcd,0xb9,0x39,0x75,0xcd,0xca,0xbc,0x68,0xdd,
  0x2a,0x49,0x2b,0x27,0xf1,0x6c,0xa9,0x6b,0xf8,0x66,0xd4,0x72,0xef,0x51,0x84,0xc2,
  0xc0,0x40,0x90,0x28,0x9,0x9a,0x5c,0xc1,0xf0,0x69,0x69,0x36,0x31,0xc0,0x7b,0x71,
  0x9a,0xdc,0x5e,0xba,0xe1,0x59,0x1,0x4,0x8e,0xd1,0x7b,0xb1,0x98,0xcb,0x13,0xeb,
  0xd7,0x7b,0xef,0xad,0xf7,0xff,0x57,0xbf,0x1b,0xdd,0xe8,0xbd,0xff,0xb5,0x7e,0x5c,
  0xd0,0x41,0x96,0x77,0xd0,0xab,0xb0,0x8b,0x27,0xee,0xfe,0x2c,0xf,0x4a,0xee,0xc4,
  0x4c,0x61,0x72,0xe5,0x34,0x44,0xb6,0x53,0x83,0x48,0x9c,0x70,0x18,0xdd,0xca,0xf2,
  0xba,0x95,0xc9,0xdc,0x7d,0x59,0xb7,0x3b,0xb1,0x1,0x3,0x77,0x22,0x14,0x23,0x24,
  0x35,0xe,0x47,0xc1,0x78,0x1a,0x6e,0x69,0xa5,0x60,0xb8,0xc0,0x67,0x85,0x58,0x49,
  0x23,0x93,0x47,0xe6,0x19,0xc9,0x85,0xfd,0x9b,0xf0,0x9a,0xea,0x76,0x37,0xbd,0xfe,
  0xc1,0xde,0x8f,0x96,0xe6,0x56,0xe7,0xe5,0x1f,0xeb,0xef,0xfe,0xd1,0x1e,0x45,0x30,
  0x5a,0x16,0x93,0x51,0xe8,0x44,0xc6,0xf2,0x2c,0x39,0xa,0x63,0xa9,0xd4,0x2,0xef,
  0xbd,0x4b,0x24,0xf0,0x8,0x42,0x67,0x62,0x2c,0xd5,0x24,0xb7,0x2c,0xdf,0x9a,0xc6,
  0x3,0x1,0x3f,0xc0,0xfd,0xc,0x33,0x2b,0x8d,0x74,0x51,0xd4,0x38,0x74,0x2e,0x16,
  0x2d,0x8c,0xf2,0x7c,0xf1,0xa3,0x4e,0xcc,0x4a,0x2d,0xbe,0xcb,0xde,0xff,0xb,0x28,
  0xb0,0x74,0x73,0x7,0x42,0x66,0xbb,0x17,0x63,0xf9,0xc2,0xa7,0xe8,0xdd,0x9f,0x23,
  0x8b,0x50,0x80,0xbf,0xa8,0x71,0x61,0x34,0x43,0xc,0x52,0x48,0xfb,0x19,0x90,0x44,
  0xa6,0xa8,0x38,0x6d,0xb2,0x80,0x68,0x12,0x86,0x20,0xa4,0xc,0x54,0xce,0x10,0x33,
  0x12,0x51,0x20,0x12,0x15,0x14,0xa7,0xc4,0xd8,0x75,0x65,0x38,0x1f,0xd,0xa4,0x4a,
  0x7f,0xde,0x3b,0xf9,0x29,0x61,0x4b,0x1f,0xc1,0x6e,0x12,0x16,0x5b,0xaf,0xac,0x65,
  0xa3,0xbf,0xcc,0x5,0x64,0x97,0xff,0x8,0xc7,0x34,0x67,0xf,0x38,0xe4,0x64,0x9f,
  0x9f,0x1d,0xea,0xb4,0x33,0xfb,0x6b,0xbf,0x5b,0xe9,0x3e,0xe7,0x49,0x38,0xf,0xd8,
  0x73,0x90,0xee,0x5b,0xaf,0x6a,0xf6,0xa2,0x79,0x84,0x26,0xed,0xda,0x97,0xac,0x5b,
  0xb3,0x2e,0x47,0xcc,0x21,0x80,0x2b,0xba,0xdd,0xbe,0x34,0xf8,0x97,0xe4,0x20,0xce,
  0x33,0x70,0x8c,0xb8,0x9a,0xf4,0x66,0x50,0x4a,0x2f,0x4,0x7d,0x8b,0x74,0x4,0xd9,
  0x2f,0xb,0x60,0xcb,0xf1,0x5f,0x87,0xe3,0x1b,0x55,0xe1,0x2b,0x7,0x49,0xfd,0x87,
  0x94,0x96,0x51,0xfb,0x99,0x8c,0xea,0x75,0xce,0x98,0x45,0x8e,0xee,0x91,0x47,0xee,
  0x80,0x22,0x56,0x3d,0x98,0x6c,0xff,0x86,0x7,0xac,0x22,0x6c,0xd3,0xc8,0xda,0x34,
  0x16,0x35,0xf2,0x3a,0xa5,0xc2,0x5d,0xdc,0x5a,0x1d,0xe6,0xe1,0xa,0xfe,0xad,0x7d,
  0x1a,0x1a,0xd7,0x7,0x8e,0xcb,0x89,0xc5,0x9f,0x70,0x44,0x5f,0x61,0x87,0x2e,0x25,
  0xb3,0xcd,0xeb,0x92,0x4d,0xf4,0x7,0xa1,0xba,0x89,0xe0,0xe,0x40,0x98,0x4f,0x3f,
  0x28,0xe3,0x8,0x15,0x5e,0xea,0x59,0xd,0x72,0x24,0xe0,0x9,0x34,0x97,0x49,0xf,
  0x27,0x66,0x22,0xd5,0xe0,0x46,0x94,0x1d,0x17,0x89,0x45,0x19,0xe3,0x25,0xa2,0xda,
  0x3b,0x48,0x7c,0xf2,0x37,0xd1,0x61,0x10,0x12,0x20,0x2b,0x38,0xb4,0xa7,0x29,0x13,
  0x45,0x30,0x28,0x63,0xda,0xb7,0x6f,0x31,0x54,0xe3,0xad,0x25,0xaf,0xd6,0xae,0xb4,
  0x99,0x7e,0xc,0x13,0x29,0x29,0x24,0xc0,0x81,0x43,0xc5,0x8,0x2a,0x0,0xb0,0x11,
  0x64,0xa,0xea,0x31,0xbc,0xcc,0xf9,0x0,0xb6,0x24,0xa8,0xb1,0xd,0x1d,0x78,0x5b,
  0xe8,0x5,0xd5,0x68,0x3f,0x8c,0x50,0x7,0xc7,0x9a,0xa6,0xf5,0x97,0xb4,0x66,0xf3,
  0x73,0x89,0x5d,0x62,0x26,0x91,0x6a,0x38,0xa1,0xd7,0x8f,0xec,0x7e,0x89,0x74,0x3,
  0xa3,0x4c,0xf4,0x92,0x52,0xeb,0x99,0x22,0x1d,0x5f,0x52,0x48,0x68,0xe2,0x55,0x5,
  
    // newton_FS.glsl
  0x0,0x0,0x2,0x92,
  0x28,
  0xb5,0x2f,0xfd,0x60,0xdb,0x7,0x45,0x14,0x0,0x46,0x18,0x4a,0x1f,0x40,0xab,0x3c,
  0x18,0x21,0x81,0xea,0xa5,0x8,0x22,0xa2,0x9,0x84,0xc2,0xaa,0x33,0x74,0x7f,0xda,
  0x88,0xb6,0x65,0x22,0x97,0x54,0x61,0x56,0x71,0xf1,0x35,0x1,0x42,0x0,0x3f,0x0,
  0x40,0x0,0xfa,0x2d,0x2a,0xb9,0xbe,0xef,0x52,0xc6,0xd1,0x5f,0x8a,0x25,0x89,0x43,
  0x4d,0x17,0x2,0x41,0x34,0x69,0xfe,0x1c,0xa7,0xd,0x1c,0x52,0x3d,0xe4,0x2c,0xe4,
  0xf2,0x77,0x5d,0xa,0x4d,0x2c,0xc5,0x11,0x58,0xa,0x6d,0xf2,0xa9,0x95,0x3b,0xc7,
  0x1f,0x6d,0x96,0x92,0x1e,0xaf,0xf7,0xa3,0xa,0x1,0x18,0x83,0x73,0xfa,0xc5,0x3f,
  0xe5,0x5a,0x1,0x2,0xee,0xcc,0xc1,0xdc,0x6e,0x96,0xbe,0x84,0xef,0x65,0x11,0xfa,
  0x56,0x89,0x41,0x73,0xc2,0x1d,0xf4,0xc6,0x2f,0x7e,0x4d,0x1f,0x6c,0x9b,0xa6,0xf0,
  0x45,0x2d,0xc3,0x8d,0xfb,0x53,0x46,0x6,0xba,0x5c,0xa6,0x8c,0xc,0xcc,0xd8,0xe2,
  0xc7,0x97,0x49,0x63,0x9c,0x2f,0x53,0x9f,0x4b,0x73,0xb5,0x58,0xbb,0xa6,0xd8,0x46,
  0xcc,0x94,0x6b,0xb0,0xf1,0x5,0x5c,0x10,0x14,0x53,0xbb,0x4f,0x25,0x87,0x1e,0x4f,
  0x19,0xe1,0x32,0xbd,0x4e,0xb6,0xee,0x27,0xe5,0x7e,0xd1,0x19,0xe2,0x2e,0xee,0x7,
  0x77,0xd3,0x2c,0xcb,0x9c,0x52,0xc6,0x8,0x77,0xad,0x5e,0xd3,0xea,0x73,0x85,0x1e,
  0x8c,0xb9,0x99,0xd2,0x8f,0x65,0xba,0x79,0x68,0xd1,0x4b,0x17,0x1f,0xe3,0xde,0x6e,
  0x7c,0xaa,0x1e,0x8c,0x31,0xf6,0x78,0xb0,0x31,0xf6,0x18,0x38,0xd7,0x1e,0x54,0xa,
  0xb1,0xdd,0x97,0x5c,0xe0,0xee,0x7e,0x79,0x20,0xe0,0x6,0x67,0x29,0x6d,0x72,0x68,
  0xf3,0xc5,0xd7,0xe7,0xd6,0x5c,0xa3,0xe8,0xa1,0x77,0x83,0x73,0xfb,0xb9,0x9d,0xf8,
  0x46,0x10,0x3,0x3,0x9b,0x96,0x71,0xd4,0xf8,0x5e,0xe6,0x94,0x32,0x46,0xb8,0xcc,
  0x29,0x65,0x8c,0x1,0x80,0xad,0xa8,0x51,0x55,0xe6,0x2a,0x28,0x68,0xa,0xa5,0x65,
  0x33,0x90,0x44,0x84,0x8a,0x6a,0x3b,0x62,0x80,0x14,0x15,0xc3,0x1c,0xc7,0x31,0x48,
  0xcd,0x4,0x43,0x96,0x51,0x92,0x82,0x14,0xb2,0x1b,0x2e,0xa5,0xa1,0x57,0xe4,0x18,
  0xf9,0x6a,0x63,0xd0,0xd5,0x10,0x98,0x55,0x6b,0xb9,0x19,0x91,0x25,0x12,0xcf,0xc3,
  0x28,0x9d,0x93,0xc0,0xbd,0x6e,0xb8,0x0,0x93,0x2b,0x60,0x19,0x0,0x6a,0x89,0xd0,
  0x9e,0xb5,0x92,0x73,0x82,0xeb,0xde,0xa5,0x9e,0xcd,0xad,0x8c,0x71,0x7a,0x41,0x24,
  0xd3,0xd1,0x22,0x69,0x2c,0xf7,0xa5,0xf9,0xf3,0xbe,0xc6,0x9,0xfa,0xc0,0xa,0xc,
  0x4a,0x38,0x78,0xbf,0x8a,0x87,0xb6,0x24,0x71,0x34,0x7d,0x18,0xd,0x34,0x76,0x9d,
  0xd4,0x2,0x77,0x8c,0x5d,0xba,0xa9,0x39,0xa2,0xa,0x6d,0x83,0xa2,0x9c,0x1e,0x4e,
  0xe,0xae,0xa4,0xd7,0xae,0x63,0x3e,0x18,0x3c,0xa2,0x82,0xa3,0x68,0x9d,0x18,0xb7,
  0x5a,0x4a,0x65,0x87,0xf,0x2d,0xd8,0xd2,0xd7,0x6d,0x84,0xd6,0x9,0x64,0x12,0xa9,
  0xe8,0x90,0xec,0x5a,0xf3,0x21,0xb7,0x1c,0xd1,0xbe,0xf6,0x6a,0x59,0x6a,0xfe,0xaf,
  0xe0,0xa,0x30,0xcc,0xe3,0x64,0x6e,0x5f,0x18,0xbc,0x8e,0xf1,0xad,0x8c,0x3,0x1d,
  0x1c,0x97,0xfe,0x5f,0x4,0x6e,0x0,0xaf,0x39,0x38,0x71,0xc0,0x96,0xf9,0xec,0x98,
  0x19,0x16,0x11,0x86,0x4,0x93,0x20,0xb,0xe4,0x12,0xb9,0x10,0x26,0x38,0x33,0x13,
  0xde,0xaf,0x91,0x2e,0xfe,0xf7,0x33,0xb8,0x29,0x6,0xc7,0x81,0x6a,0xd3,0x5e,0x47,
  0x2d,0xa3,0x1f,0xc2,0x71,0xe0,0xd9,0xc6,0x40,0xd4,0x4d,0x5a,0x0,0xa8,0xc,0x28,
  0xf4,0xe3,0x64,0xf9,0xd0,0xf4,0xf5,0x89,0x32,0x11,0x26,0xb1,0x47,0x31,0xa0,0x46,
  0x5,0xc3,0x33,0xcd,0x51,0x20,0x7b,0x1b,0xa5,0xd7,0xf1,0x29,0x88,0xa6,0xe5,0x93,
  0xcd,0x1a,0x12,0x5,0x37,0xca,0x4,0xb0,0xd7,0x9b,0x59,0x7e,0x39,0x33,0x8d,0x36,
  0x78,0x9a,0x4c,0xa,0x5d,0x7e,0xc8,0xe5,0x33,0x4f,0x59,0x83,0xe0,0x21,0x60,0x14,
  0xa2,0x9a,0x2b,0x45,0xeb,0x9b,0xbe,0x78,0x67,0xe9,0x88,0xfa,0x79,0x22,0x13,0x57,
  0x1,
    // complex_FS.glsl
  0x0,0x0,0xa,0x9d,
  0x23,
  0x76,0x65,0x72,0x73,0x69,0x6f,0x6e,0x20,0x33,0x33,0x30,0xa,0xa,0x23,0x64,0x65,
  0x66,0x69,0x6e,0x65,0x20,0x50,0x49,0x20,0x33,0x2e,0x31,0x34,0x31,0x35,0x39,0x32,
  0x36,0x35,0x34,0xa,0x23,0x64,0x65,0x66,0x69,0x6e,0x65,0x20,0x63,0x6d,0x75,0x6c,
  0x28,0x61,0x2c,0x20,0x62,0x29,0x20,0x76,0x65,0x63,0x32,0x28,0x61,0x2e,0x78,0x2a,
  0x62,0x2e,0x78,0x2d,0x61,0x2e,0x79,0x2a,0x62,0x2e,0x79,0x2c,0x20,0x61,0x2e,0x78,
  0x2a,0x62,0x2e,0x79,0x2b,0x61,0x2e,0x79,0x2a,0x62,0x2e,0x78,0x29,0xa,0x23,0x64,
  0x65,0x66,0x69,0x6e,0x65,0x20,0x63,0x64,0x69,0x76,0x28,0x61,0x2c,0x20,0x62,0x29,
  0x20,0x76,0x65,0x63,0x32,0x28,0x28,0x61,0x2e,0x78,0x2a,0x62,0x2e,0x78,0x2b,0x61,
  0x2e,0x79,0x2a,0x62,0x2e,0x79,0x29,0x2f,0x28,0x62,0x2e,0x78,0x2a,0x62,0x2e,0x78,
  0x2b,0x62,0x2e,0x79,0x2a,0x62,0x2e,0x79,0x29,0x2c,0x20,0x28,0x61,0x2e,0x79,0x2a,
  0x62,0x2e,0x78,0x2d,0x61,0x2e,0x78,0x2a,0x62,0x2e,0x79,0x29,0x2f,0x28,0x62,0x2e,
  0x78,0x2a,0x62,0x2e,0x78,0x2b,0x62,0x2e,0x79,0x2a,0x62,0x2e,0x79,0x29,0x29,0xa,
  0x23,0x64,0x65,0x66,0x69,0x6e,0x65,0x20,0x63,0x61,0x64,0x64,0x28,0x61,0x2c,0x20,
  0x62,0x29,0x20,0x76,0x65,0x63,0x32,0x28,0x61,0x2e,0x78,0x2b,0x62,0x2e,0x78,0x2c,
  0x20,0x61,0x2e,0x79,0x2b,0x62,0x2e,0x79,0x29,0xa,0x23,0x64,0x65,0x66,0x69,0x6e,
  0x65,0x20,0x63,0x73,0x75,0x62,0x28,0x61,0x2c,0x20,0x62,0x29,0x20,0x76,0x65,0x63,
  0x32,0x28,0x61,0x2e,0x78,0x2d,0x62,0x2e,0x78,0x2c,0x20,0x61,0x2e,0x79,0x2d,0x62,
  0x2e,0x79,0x29,0xa,0xa,0xa,0x69,0x6e,0x20,0x76,0x65,0x63,0x32,0x20,0x70,0x6f,
  0x73,0x3b,0xa,0xa,0xa,0x6c,0x61,0x79,0x6f,0x75,0x74,0x28,0x6c,0x6f,0x63,0x61,
  0x74,0x69,0x6f,0x6e,0x20,0x3d,0x20,0x30,0x29,0x20,0x6f,0x75,0x74,0x20,0x76,0x65,
  0x63,0x34,0x20,0x46,0x72,0x61,0x67,0x6d,0x65,0x6e,0x74,0x43,0x6f,0x6c,0x6f,0x72,
  0x3b,0xa,0xa,0xa,0xa,0x66,0x6c,0x6f,0x61,0x74,0x20,0x67,0x6c,0x47,0x65,0x74,
  0x52,0x65,0x64,0x28,0x66,0x6c,0x6f,0x61,0x74,0x20,0x74,0x61,0x75,0x29,0xa,0x7b,
  0xa,0x20,0x20,0x20,0x20,0x69,0x66,0x20,0x20,0x20,0x20,0x20,0x28,0x74,0x61,0x75,
  0x3e,0x35,0x2e,0x30,0x66,0x2f,0x36,0x2e,0x30,0x66,0x29,0x20,0x72,0x65,0x74,0x75,
  0x72,0x6e,0x20,0x31,0x2e,0x30,0x66,0x3b,0xa,0x20,0x20,0x20,0x20,0x65,0x6c,0x73,
  0x65,0x20,0x69,0x66,0x28,0x74,0x61,0x75,0x3e,0x34,0x2e,0x30,0x66,0x2f,0x36,0x2e,
  0x30,0x66,0x29,0x20,0x72,0x65,0x74,0x75,0x72,0x6e,0x20,0x28,0x36,0x2e,0x30,0x66,
  0x2a,0x28,0x74,0x61,0x75,0x2d,0x34,0x2e,0x30,0x66,0x2f,0x36,0x2e,0x30,0x66,0x29,
  0x29,0x3b,0xa,0x20,0x20,0x20,0x20,0x65,0x6c,0x73,0x65,0x20,0x69,0x66,0x28,0x74,
  0x61,0x75,0x3e,0x32,0x2e,0x30,0x66,0x2f,0x36,0x2e,0x30,0x66,0x29,0x20,0x72,0x65,
  0x74,0x75,0x72,0x6e,0x20,0x30,0x2e,0x30,0x66,0x3b,0xa,0x20,0x20,0x20,0x20,0x65,
  0x6c,0x73,0x65,0x20,0x69,0x66,0x28,0x74,0x61,0x75,0x3e,0x31,0x2e,0x30,0x66,0x2f,
  0x36,0x2e,0x30,0x66,0x29,0x20,0x72,0x65,0x74,0x75,0x72,0x6e,0x20,0x31,0x2e,0x30,
  0x66,0x20,0x2d,0x20,0x28,0x36,0x2e,0x30,0x66,0x2a,0x28,0x74,0x61,0x75,0x2d,0x31,
  0x2e,0x30,0x66,0x2f,0x36,0x2e,0x30,0x66,0x29,0x29,0x3b,0xa,0x20,0x20,0x20,0x20,
  0x65,0x6c,0x73,0x65,0x20,0x20,0x20,0x20,0x20,0x20,0x20,0x20,0x20,0x20,0x20,0x20,
  0x20,0x20,0x20,0x20,0x20,0x20,0x20,0x72,0x65,0x74,0x75,0x72,0x6e,0x20,0x31,0x2e,
  0x30,0x66,0x3b,0xa,0x7d,0xa,0xa,0x66,0x6c,0x6f,0x61,0x74,0x20,0x67,0x6c,0x47,
  0x65,0x74,0x47,0x72,0x65,0x65,0x6e,0x28,0x66,0x6c,0x6f,0x61,0x74,0x20,0x74,0x61,
  0x75,0x29,0xa,0x7b,0xa,0x20,0x20,0x20,0x20,0x69,0x66,0x20,0x20,0x20,0x20,0x20,
  0x20,0x28,0x74,0x61,0x75,0x3c,0x32,0x2e,0x30,0x66,0x2f,0x36,0x2e,0x30,0x66,0x29,
  0x20,0x72,0x65,0x74,0x75,0x72,0x6e,0x20,0x30,0x2e,0x30,0x66,0x3b,0xa,0x20,0x20,
  0x20,0x20,0x65,0x6c,0x73,0x65,0x20,0x69,0x66,0x20,0x28,0x74,0x61,0x75,0x3c,0x33,
  0x2e,0x30,0x66,0x2f,0x36,0x2e,0x30,0x66,0x29,0x20,0x72,0x65,0x74,0x75,0x72,0x6e,
  0x20,0x36,0x2e,0x30,0x66,0x2a,0x28,0x74,0x61,0x75,0x2d,0x32,0x2e,0x30,0x66,0x2f,
  0x36,0x2e,0x30,0x66,0x29,0x3b,0xa,0x20,0x20,0x20,0x20,0x65,0x6c,0x73,0x65,0x20,
  0x69,0x66,0x20,0x28,0x74,0x61,0x75,0x3c,0x35,0x2e,0x30,0x66,0x2f,0x36,0x2e,0x30,
  0x66,0x29,0x20,0x72,0x65,0x74,0x75,0x72,0x6e,0x20,0x31,0x2e,0x30,0x66,0x3b,0xa,
  0x20,0x20,0x20,0x20,0x65,0x6c,0x73,0x65,0x20,0x69,0x66,0x20,0x28,0x74,0x61,0x75,
  0x3c,0x36,0x2e,0x30,0x66,0x2f,0x36,0x2e,0x30,0x66,0x29,0x20,0x72,0x65,0x74,0x75,
  0x72,0x6e,0x20,0x31,0x2e,0x30,0x66,0x20,0x2d,0x20,0x28,0x36,0x2e,0x30,0x66,0x2a,
  0x28,0x74,0x61,0x75,0x2d,0x35,0x2e,0x30,0x66,0x2f,0x36,0x2e,0x30,0x66,0x29,0x29,
  0x3b,0xa,0x20,0x20,0x20,0x20,0x65,0x6c,0x73,0x65,0x20,0x20,0x20,0x20,0x20,0x20,
  0x20,0x20,0x20,0x20,0x20,0x20,0x20,0x20,0x20,0x20,0x20,0x20,0x20,0x20,0x72,0x65,
  0x74,0x75,0x72,0x6e,0x20,0x30,0x2e,0x30,0x66,0x3b,0xa,0x7d,0xa,0xa,0x66,0x6c,
  0x6f,0x61,0x74,0x20,0x67,0x6c,0x47,0x65,0x74,0x42,0x6c,0x75,0x65,0x28,0x66,0x6c,
  0x6f,0x61,0x74,0x20,0x74,0x61,0x75,0x29,0xa,0x7b,0xa,0x20,0x20,0x20,0x20,0x69,
  0x66,0x20,0x20,0x20,0x20,0x20,0x20,0x28,0x74,0x61,0x75,0x3c,0x30,0x2e,0x30,0x66,
  0x29,0x20,0x20,0x20,0x20,0x20,0x20,0x72,0x65,0x74,0x75,0x72,0x6e,0x20,0x30,0x2e,
  0x30,0x66,0x3b,0xa,0x20,0x20,0x20,0x20,0x65,0x6c,0x73,0x65,0x20,0x69,0x66,0x20,
  0x28,0x74,0x61,0x75,0x3c,0x31,0x2e,0x30,0x66,0x2f,0x36,0x2e,0x30,0x66,0x29,0x20,
  0x72,0x65,0x74,0x75,0x72,0x6e,0x20,0x36,0x2e,0x30,0x66,0x20,0x2a,0x20,0x74,0x61,
  0x75,0x3b,0xa,0x20,0x20,0x20,0x20,0x65,0x6c,0x73,0x65,0x20,0x69,0x66,0x20,0x28,
  0x74,0x61,0x75,0x3c,0x33,0x2e,0x30,0x66,0x2f,0x36,0x2e,0x30,0x66,0x29,0x20,0x72,
  0x65,0x74,0x75,0x72,0x6e,0x20,0x31,0x2e,0x30,0x66,0x3b,0xa,0x20,0x20,0x20,0x20,
  0x65,0x6c,0x73,0x65,0x20,0x69,0x66,0x20,0x28,0x74,0x61,0x75,0x3c,0x34,0x2e,0x30,
  0x66,0x2f,0x36,0x2e,0x30,0x66,0x29,0x20,0x72,0x65,0x74,0x75,0x72,0x6e,0x20,0x31,
  0x2e,0x30,0x66,0x20,0x2d,0x20,0x28,0x36,0x2e,0x30,0x66,0x2a,0x28,0x74,0x61,0x75,
  0x2d,0x33,0x2e,0x30,0x66,0x2f,0x36,0x2e,0x30,0x66,0x29,0x29,0x3b,0xa,0x20,0x20,
  0x20,0x20,0x65,0x6c,0x73,0x65,0x20,0x20,0x20,0x20,0x20,0x20,0x20,0x20,0x20,0x20,
  0x20,0x20,0x20,0x20,0x20,0x20,0x20,0x20,0x20,0x20,0x72,0x65,0x74,0x75,0x72,0x6e,
  0x20,0x30,0x2e,0x30,0x66,0x3b,0xa,0x7d,0xa,0xa,0x66,0x6c,0x6f,0x61,0x74,0x20,
  0x68,0x75,0x65,0x54,0x6f,0x52,0x67,0x62,0x28,0x66,0x6c,0x6f,0x61,0x74,0x20,0x70,
  0x2c,0x20,0x66,0x6c,0x6f,0x61,0x74,0x20,0x71,0x2c,0x20,0x66,0x6c,0x6f,0x61,0x74,
  0x20,0x74,0x29,0xa,0x7b,0xa,0x20,0x20,0x20,0x20,0x69,0x66,0x20,0x28,0x74,0x20,
  0x3c,0x20,0x30,0x2e,0x30,0x29,0x20,0x74,0x20,0x2b,0x3d,0x20,0x31,0x3b,0xa,0x20,
  0x20,0x20,0x20,0x69,0x66,0x20,0x28,0x74,0x20,0x3e,0x20,0x31,0x2e,0x30,0x29,0x20,
  0x74,0x20,0x2d,0x3d,0x20,0x31,0x3b,0xa,0x20,0x20,0x20,0x20,0x69,0x66,0x20,0x28,
  0x74,0x20,0x3c,0x20,0x31,0x2e,0x30,0x2f,0x36,0x2e,0x30,0x29,0x20,0x72,0x65,0x74,
  0x75,0x72,0x6e,0x20,0x70,0x20,0x2b,0x20,0x28,0x71,0x20,0x2d,0x20,0x70,0x29,0x20,
  0x2a,0x20,0x36,0x2e,0x30,0x20,0x2a,0x20,0x74,0x3b,0xa,0x20,0x20,0x20,0x20,0x69,
  0x66,0x20,0x28,0x74,0x20,0x3c,0x20,0x31,0x2e,0x30,0x2f,0x32,0x2e,0x30,0x29,0x20,
  0x72,0x65,0x74,0x75,0x72,0x6e,0x20,0x71,0x3b,0xa,0x20,0x20,0x20,0x20,0x69,0x66,
  0x20,0x28,0x74,0x20,0x3c,0x20,0x32,0x2e,0x30,0x2f,0x33,0x2e,0x30,0x29,0x20,0x72,
  0x65,0x74,0x75,0x72,0x6e,0x20,0x70,0x20,0x2b,0x20,0x28,0x71,0x20,0x2d,0x20,0x70,
  0x29,0x20,0x2a,0x20,0x28,0x32,0x2e,0x30,0x2f,0x33,0x2e,0x30,0x20,0x2d,0x20,0x74,
  0x29,0x20,0x2a,0x20,0x36,0x2e,0x30,0x3b,0xa,0x20,0x20,0x20,0x20,0x72,0x65,0x74,
  0x75,0x72,0x6e,0x20,0x70,0x3b,0xa,0x7d,0xa,0xa,0xa,0x2f,0x2f,0x20,0x61,0x64,
  0x61,0x70,0x74,0x65,0x64,0x20,0x66,0x72,0x6f,0x6d,0x20,0x68,0x74,0x74,0x70,0x73,
  0x3a,0x2f,0x2f,0x65,0x6e,0x2e,0x77,0x69,0x6b,0x69,0x70,0x65,0x64,0x69,0x61,0x2e,
  0x6f,0x72,0x67,0x2f,0x77,0x69,0x6b,0x69,0x2f,0x48,0x53,0x4c,0x5f,0x63,0x6f,0x6c,
  0x6f,0x72,0x5f,0x73,0x70,0x61,0x63,0x65,0x2e,0xa,0x76,0x65,0x63,0x33,0x20,0x68,
  0x73,0x6c,0x54,0x6f,0x52,0x67,0x62,0x28,0x66,0x6c,0x6f,0x61,0x74,0x20,0x68,0x2c,
  0x20,0x66,0x6c,0x6f,0x61,0x74,0x20,0x73,0x2c,0x20,0x66,0x6c,0x6f,0x61,0x74,0x20,
  0x6c,0x29,0x20,0x7b,0xa,0x20,0x20,0x20,0x20,0x66,0x6c,0x6f,0x61,0x74,0x20,0x72,
  0x2c,0x20,0x67,0x2c,0x20,0x62,0x3b,0xa,0xa,0x20,0x20,0x20,0x20,0x69,0x66,0x20,
  0x28,0x73,0x20,0x3c,0x3d,0x20,0x30,0x29,0xa,0x20,0x20,0x20,0x20,0x7b,0xa,0x20,
  0x20,0x20,0x20,0x20,0x20,0x20,0x20,0x72,0x20,0x3d,0x20,0x67,0x20,0x3d,0x20,0x62,
  0x20,0x3d,0x20,0x6c,0x3b,0x20,0x2f,0x2f,0x20,0x61,0x63,0x68,0x72,0x6f,0x6d,0x61,
  0x74,0x69,0x63,0xa,0x20,0x20,0x20,0x20,0x7d,0xa,0x20,0x20,0x20,0x20,0x65,0x6c,
  0x73,0x65,0x20,0x7b,0xa,0x20,0x20,0x20,0x20,0x20,0x20,0x20,0x20,0x66,0x6c,0x6f,
  0x61,0x74,0x20,0x71,0x20,0x3d,0x20,0x6c,0x20,0x3c,0x20,0x30,0x2e,0x35,0x20,0x3f,
  0x20,0x6c,0x20,0x2a,0x20,0x28,0x31,0x2e,0x30,0x20,0x2b,0x20,0x73,0x29,0x20,0x3a,
  0x20,0x6c,0x20,0x2b,0x20,0x73,0x20,0x2d,0x20,0x6c,0x2a,0x73,0x3b,0xa,0x20,0x20,
  0x20,0x20,0x20,0x20,0x20,0x20,0x66,0x6c,0x6f,0x61,0x74,0x20,0x70,0x20,0x3d,0x20,
  0x32,0x2e,0x30,0x2a,0x6c,0x20,0x2d,0x20,0x71,0x3b,0xa,0x20,0x20,0x20,0x20,0x20,
  0x20,0x20,0x20,0x72,0x20,0x3d,0x20,0x68,0x75,0x65,0x54,0x6f,0x52,0x67,0x62,0x28,
  0x70,0x2c,0x20,0x71,0x2c,0x20,0x68,0x20,0x2b,0x20,0x31,0x2e,0x30,0x2f,0x33,0x2e,
  0x30,0x29,0x3b,0xa,0x20,0x20,0x20,0x20,0x20,0x20,0x20,0x20,0x67,0x20,0x3d,0x20,
  0x68,0x75,0x65,0x54,0x6f,0x52,0x67,0x62,0x28,0x70,0x2c,0x20,0x71,0x2c,0x20,0x68,
  0x29,0x3b,0xa,0x20,0x20,0x20,0x20,0x20,0x20,0x20,0x20,0x62,0x20,0x3d,0x20,0x68,
  0x75,0x65,0x54,0x6f,0x52,0x67,0x62,0x28,0x70,0x2c,0x20,0x71,0x2c,0x20,0x68,0x20,
  0x2d,0x20,0x31,0x2e,0x30,0x2f,0x33,0x2e,0x30,0x29,0x3b,0xa,0x20,0x20,0x20,0x20,
  0x7d,0xa,0xa,0x20,0x20,0x20,0x20,0x72,0x65,0x74,0x75,0x72,0x6e,0x20,0x76,0x65,
  0x63,0x33,0x28,0x72,0x2c,0x67,0x2c,0x62,0x29,0x3b,0xa,0x7d,0xa,0xa,0xa,0x76,
  0x65,0x63,0x32,0x20,0x66,0x28,0x76,0x65,0x63,0x32,0x20,0x7a,0x29,0xa,0x7b,0xa,
  0x2f,0x2a,0x20,0x20,0x20,0x20,0x76,0x65,0x63,0x32,0x20,0x72,0x65,0x73,0x20,0x3d,
  0x20,0x28,0x63,0x6d,0x75,0x6c,0x28,0x7a,0x2c,0x7a,0x29,0x20,0x2d,0x20,0x31,0x29,
  0x20,0x2a,0x20,0x63,0x61,0x64,0x64,0x28,0x7a,0x2c,0x20,0x76,0x65,0x63,0x32,0x28,
  0x2d,0x32,0x2c,0x2d,0x31,0x29,0x29,0x3b,0xa,0x20,0x20,0x20,0x20,0x72,0x65,0x73,
  0x20,0x3d,0x20,0x63,0x64,0x69,0x76,0x28,0x72,0x65,0x73,0x2c,0x20,0x63,0x61,0x64,
  0x64,0x28,0x63,0x6d,0x75,0x6c,0x28,0x7a,0x2c,0x7a,0x29,0x2c,0x20,0x76,0x65,0x63,
  0x32,0x28,0x32,0x2c,0x32,0x29,0x29,0x29,0x3b,0xa,0xa,0x20,0x20,0x20,0x20,0x72,
  0x65,0x74,0x75,0x72,0x6e,0x20,0x72,0x65,0x73,0x3b,0x2a,0x2f,0xa,0xa,0x20,0x20,
  0x20,0x20,0x76,0x65,0x63,0x32,0x20,0x72,0x6f,0x6f,0x74,0x30,0x20,0x3d,0x20,0x76,
  0x65,0x63,0x32,0x28,0x63,0x6f,0x73,0x28,0x30,0x29,0x2c,0x20,0x73,0x69,0x6e,0x28,
  0x30,0x29,0x29,0x3b,0xa,0x20,0x20,0x20,0x20,0x76,0x65,0x63,0x32,0x20,0x72,0x6f,
  0x6f,0x74,0x31,0x20,0x3d,0x20,0x76,0x65,0x63,0x32,0x28,0x63,0x6f,0x73,0x28,0x32,
  0x2e,0x30,0x2a,0x50,0x49,0x2f,0x33,0x2e,0x30,0x29,0x2c,0x20,0x73,0x69,0x6e,0x28,
  0x32,0x2e,0x30,0x2a,0x50,0x49,0x2f,0x33,0x2e,0x30,0x29,0x29,0x3b,0xa,0x20,0x20,
  0x20,0x20,0x76,0x65,0x63,0x32,0x20,0x72,0x6f,0x6f,0x74,0x32,0x20,0x3d,0x20,0x76,
  0x65,0x63,0x32,0x28,0x63,0x6f,0x73,0x28,0x2d,0x32,0x2e,0x30,0x2a,0x50,0x49,0x2f,
  0x33,0x2e,0x30,0x29,0x2c,0x20,0x73,0x69,0x6e,0x28,0x2d,0x32,0x2e,0x30,0x2a,0x50,
  0x49,0x2f,0x33,0x2e,0x30,0x29,0x29,0x3b,0xa,0xa,0x20,0x20,0x20,0x20,0x76,0x65,
  0x63,0x32,0x20,0x72,0x65,0x73,0x20,0x3d,0x20,0x63,0x73,0x75,0x62,0x28,0x7a,0x2c,
  0x20,0x72,0x6f,0x6f,0x74,0x30,0x29,0x3b,0xa,0x20,0x20,0x20,0x20,0x72,0x65,0x73,
  0x20,0x3d,0x20,0x63,0x6d,0x75,0x6c,0x28,0x72,0x65,0x73,0x2c,0x20,0x63,0x73,0x75,
  0x62,0x28,0x7a,0x2c,0x20,0x72,0x6f,0x6f,0x74,0x31,0x29,0x29,0x3b,0xa,0x20,0x20,
  0x20,0x20,0x72,0x65,0x73,0x20,0x3d,0x20,0x63,0x6d,0x75,0x6c,0x28,0x72,0x65,0x73,
  0x2c,0x20,0x63,0x73,0x75,0x62,0x28,0x7a,0x2c,0x20,0x72,0x6f,0x6f,0x74,0x32,0x29,
  0x29,0x3b,0xa,0x20,0x20,0x20,0x20,0x72,0x65,0x74,0x75,0x72,0x6e,0x20,0x72,0x65,
  0x73,0x3b,0xa,0x7d,0xa,0xa,0xa,0xa,0xa,0x76,0x6f,0x69,0x64,0x20,0x6d,0x61,
  0x69,0x6e,0x28,0x76,0x6f,0x69,0x64,0x29,0xa,0x7b,0xa,0x20,0x20,0x20,0x20,0x76,
  0x65,0x63,0x32,0x20,0x7a,0x20,0x3d,0x20,0x70,0x6f,0x73,0x3b,0xa,0xa,0x20,0x20,
  0x20,0x20,0x7a,0x20,0x3d,0x20,0x66,0x28,0x7a,0x29,0x3b,0xa,0xa,0x20,0x20,0x20,
  0x20,0x66,0x6c,0x6f,0x61,0x74,0x20,0x61,0x72,0x67,0x7a,0x20,0x3d,0x20,0x61,0x74,
  0x61,0x6e,0x28,0x7a,0x2e,0x79,0x2c,0x20,0x7a,0x2e,0x78,0x29,0x3b,0x20,0x2f,0x2f,
  0x20,0x69,0x6e,0x20,0x5b,0x2d,0x50,0x49,0x2f,0x50,0x49,0x5d,0xa,0x20,0x20,0x20,
  0x20,0x66,0x6c,0x6f,0x61,0x74,0x20,0x72,0x20,0x3d,0x20,0x73,0x71,0x72,0x74,0x28,
  0x7a,0x2e,0x78,0x2a,0x7a,0x2e,0x78,0x2b,0x7a,0x2e,0x79,0x2a,0x7a,0x2e,0x79,0x29,
  0x3b,0xa,0x20,0x20,0x20,0x20,0x66,0x6c,0x6f,0x61,0x74,0x20,0x4c,0x20,0x3d,0x20,
  0x32,0x2e,0x30,0x2f,0x50,0x49,0x20,0x2a,0x20,0x61,0x74,0x61,0x6e,0x28,0x72,0x29,
  0x3b,0xa,0x20,0x20,0x20,0x20,0x66,0x6c,0x6f,0x61,0x74,0x20,0x74,0x61,0x75,0x20,
  0x20,0x3d,0x20,0x28,0x61,0x72,0x67,0x7a,0x20,0x2b,0x20,0x50,0x49,0x29,0x2f,0x32,
  0x2e,0x30,0x2f,0x50,0x49,0x3b,0xa,0x20,0x20,0x20,0x20,0x76,0x65,0x63,0x33,0x20,
  0x68,0x73,0x6c,0x20,0x3d,0x20,0x68,0x73,0x6c,0x54,0x6f,0x52,0x67,0x62,0x28,0x74,
  0x61,0x75,0x2c,0x20,0x31,0x2e,0x30,0x2c,0x20,0x31,0x2e,0x30,0x2d,0x4c,0x29,0x3b,
  0xa,0xa,0x2f,0x2a,0x20,0x20,0x20,0x20,0x66,0x6c,0x6f,0x61,0x74,0x20,0x74,0x61,
  0x75,0x20,0x20,0x3d,0x20,0x28,0x61,0x72,0x67,0x7a,0x20,0x2b,0x20,0x50,0x49,0x29,
  0x2f,0x32,0x2e,0x30,0x2f,0x50,0x49,0x3b,0xa,0x20,0x20,0x20,0x20,0x66,0x6c,0x6f,
  0x61,0x74,0x20,0x72,0x65,0x64,0x20,0x20,0x20,0x3d,0x20,0x67,0x6c,0x47,0x65,0x74,
  0x52,0x65,0x64,0x28,0x74,0x61,0x75,0x29,0x3b,0xa,0x20,0x20,0x20,0x20,0x66,0x6c,
  0x6f,0x61,0x74,0x20,0x67,0x72,0x65,0x65,0x6e,0x20,0x3d,0x20,0x67,0x6c,0x47,0x65,
  0x74,0x47,0x72,0x65,0x65,0x6e,0x28,0x74,0x61,0x75,0x29,0x3b,0xa,0x20,0x20,0x20,
  0x20,0x66,0x6c,0x6f,0x61,0x74,0x20,0x62,0x6c,0x75,0x65,0x20,0x20,0x3d,0x20,0x67,
  0x6c,0x47,0x65,0x74,0x42,0x6c,0x75,0x65,0x28,0x74,0x61,0x75,0x29,0x3b,0x2a,0x2f,
  0xa,0xa,0x20,0x20,0x20,0x20,0x46,0x72,0x61,0x67,0x6d,0x65,0x6e,0x74,0x43,0x6f,
  0x6c,0x6f,0x72,0x20,0x3d,0x20,0x76,0x65,0x63,0x34,0x28,0x68,0x73,0x6c,0x2c,0x31,
  0x2e,0x30,0x66,0x29,0x3b,0xa,0xa,0x7d,0xa,0xa,0xa,0xa,
    // flowVtx_CS.glsl
  0x0,0x0,0x8,0xc0,
  0x28,
  0xb5,0x2f,0xfd,0x60,0x35,0x20,0xb5,0x45,0x0,0xaa,0x4f,0xc4,0xe,0x2c,0xc0,0xac,
  0xc8,0x3c,0x68,0xb6,0x99,0x85,0x75,0xc0,0x4b,0xe1,0xdf,0x2c,0xee,0xb3,0xa3,0x8b,
  0xd4,0xaa,0x2e,0x1c,0x3,0x76,0x35,0xf7,0x1b,0x8f,0xaa,0x8f,0xda,0x82,0xd7,0x71,
  0x51,0x82,0x1,0x96,0x45,0x10,0x28,0x8b,0xa,0x4,0xe4,0x0,0xe1,0x0,0xd7,0x0,
  0xb5,0xaa,0x53,0xbe,0x5a,0x77,0x33,0x13,0x98,0x49,0x6f,0xa4,0xbf,0xda,0xf0,0x67,
  0xc6,0xb1,0x63,0x16,0xce,0x1b,0x92,0x37,0x47,0xa2,0x42,0x22,0xa2,0x99,0x44,0xa8,
  0x6e,0x8d,0x4c,0xbc,0x92,0x16,0xf6,0xb7,0x92,0x47,0x23,0x50,0xcb,0xab,0x97,0x75,
  0xed,0xbe,0xb,0xdf,0x28,0x5f,0x7b,0x31,0x16,0x21,0xb2,0x58,0x2c,0xef,0x31,0x64,
  0xed,0x1f,0x63,0x78,0x54,0x5e,0xe1,0x6a,0x95,0x15,0xb5,0x68,0xe5,0x5a,0x6e,0x9,
  0x2,0x5f,0xe6,0x64,0x6d,0xeb,0x76,0x7e,0x4b,0x25,0xfe,0x6c,0x6f,0xd5,0x97,0xa5,
  0x73,0x4a,0xad,0xfb,0xb7,0xdb,0x58,0xf5,0xd2,0x1,0x33,0xfd,0xb4,0x2c,0xad,0xc8,
  0x2c,0x93,0x57,0xbf,0xbc,0xd5,0xca,0x5e,0xd1,0xc7,0xb7,0x62,0xa7,0xe9,0x9e,0xa7,
  0x95,0xb8,0xdf,0xd2,0xce,0xf0,0xb5,0xa8,0xdd,0x18,0x26,0x3e,0xba,0x22,0x2,0xa2,
  0x2,0xe2,0xc1,0x81,0xc2,0xc2,0xe2,0xf4,0x62,0x3e,0xea,0xd5,0x96,0xb6,0x6f,0x55,
  0x56,0x1a,0x7b,0x6a,0xe9,0xca,0x72,0xb9,0x19,0xee,0xbc,0xdf,0xef,0x31,0x8c,0x25,
  0x45,0xb0,0x13,0x58,0x44,0x2c,0x80,0x90,0x40,0x0,0x41,0x1,0x59,0x68,0x88,0x7,
  0x92,0x8a,0xc9,0x44,0x3,0x6,0x14,0x11,0x16,0x44,0x61,0x21,0x16,0x50,0x80,0x10,
  0x18,0x3d,0x5a,0x32,0xd1,0x6e,0xa9,0xe5,0x33,0x0,0xc3,0x48,0xf,0x48,0xdb,0x4b,
  0x33,0xf6,0x4a,0x80,0xb0,0xeb,0x3a,0x8e,0xe3,0xa6,0x4b,0xe4,0xd0,0x50,0x5f,0xa2,
  0x88,0xe4,0x40,0x8a,0x6a,0xac,0x5a,0x1d,0x28,0xfd,0x96,0x3a,0xa4,0x86,0x6a,0xc,
  0xc3,0xfe,0xbf,0xe3,0xb0,0x44,0x10,0x61,0xc7,0x49,0xb8,0xe3,0x2e,0x13,0x9a,0x27,
  0xe4,0xe5,0x19,0x83,0x76,0x50,0x5a,0xf6,0x16,0xa4,0x2a,0x1c,0xdf,0x87,0x7,0x47,
  0x63,0xb3,0x7,0x5,0x12,0x17,0xcc,0x3,0xf2,0x34,0x74,0x7c,0xab,0x11,0x85,0x85,
  0xf8,0x30,0x60,0xdd,0x71,0x44,0x6,0x84,0x1a,0x4a,0xd1,0x81,0x9e,0x6,0xe2,0xb9,
  0xba,0xc5,0xdb,0x3b,0x6e,0x67,0xe1,0x29,0x34,0x34,0x6d,0x51,0x67,0x93,0xdf,0x4c,
  0xa7,0x78,0x8f,0xa8,0x96,0x76,0x90,0x6b,0x7,0xd5,0x97,0xc9,0xe4,0xd6,0xa6,0x63,
  0xa4,0xa6,0x63,0x89,0x41,0x18,0xc1,0x80,0x20,0x5f,0xce,0x96,0x26,0xc,0x22,0x15,
  0x15,0x8d,0xdd,0xb2,0x36,0x4a,0x3b,0x52,0x53,0x96,0x52,0xda,0x31,0x3f,0x37,0x11,
  0x7,0xe9,0x1d,0xcd,0x7d,0xbf,0xb5,0xad,0xa7,0x4f,0xbb,0x5d,0xdc,0x99,0x93,0x96,
  0x2a,0x3b,0xd3,0x76,0xf2,0x5b,0xcf,0xbc,0xba,0x75,0xb7,0xbc,0x53,0x3a,0xfb,0x73,
  0x94,0x6f,0xda,0x27,0x6d,0x4e,0x62,0x2c,0xdb,0x31,0x8b,0x66,0x90,0x78,0xef,0xe2,
  0x17,0xe,0xa4,0xd1,0x90,0x26,0xf6,0xe5,0xbd,0x9e,0x30,0xe2,0x13,0x1f,0x8,0x19,
  0x5b,0x64,0x30,0x13,0xe,0xbe,0xe0,0xb1,0x7f,0xec,0x1f,0xeb,0x26,0x6e,0x72,0x88,
  0x24,0x2,0xf0,0x49,0x26,0x1e,0x89,0x69,0xd5,0x61,0x92,0x35,0xd6,0x81,0x9a,0xf7,
  0xa6,0xae,0xe3,0xb8,0x49,0x82,0x4e,0xf5,0x46,0xa1,0xf8,0xdf,0xf2,0x5a,0xb7,0xaa,
  0xca,0x8a,0x36,0x96,0xf5,0x6a,0xb4,0xa7,0x7f,0xa5,0xdf,0x4e,0xe9,0x59,0xb7,0x8b,
  0xe5,0xe6,0xf0,0x7b,0x76,0xfd,0x72,0xcc,0x4a,0xa6,0x9d,0xa9,0xc4,0x5e,0xfa,0x32,
  0xa3,0x97,0x8b,0x35,0x4d,0xb6,0xd7,0xcb,0xca,0xae,0x55,0x66,0x39,0xb2,0x44,0x32,
  0xa2,0xed,0xc8,0xa4,0xe3,0xcf,0x90,0x3b,0xb6,0xa6,0xff,0xb5,0xed,0x58,0x76,0xbe,
  0xbc,0xf6,0xc5,0x2d,0x32,0xbd,0x48,0xc7,0x6e,0x39,0xae,0xf6,0xa2,0x55,0x66,0x89,
  0xa0,0xfd,0xa5,0xe3,0xaa,0x9d,0xc9,0xe8,0x3a,0x8e,0x9b,0x24,0x13,0xef,0x3d,0x7d,
  0x89,0x2e,0x62,0x8c,0x31,0x46,0x8,0x42,0x88,0x9b,0xe6,0xb1,0x84,0xdc,0xc1,0x8e,
  0x9b,0xa8,0xe7,0x3c,0xd,0xdd,0x68,0x9e,0xd3,0x75,0xdf,0x78,0x9a,0x7e,0x49,0x7a,
  0x49,0x7a,0x9f,0x34,0x77,0x16,0x50,0xdd,0x4a,0xed,0x2d,0xbd,0x13,0x9f,0xdd,0xc2,
  0xba,0xed,0x95,0x95,0x9f,0xe9,0x7c,0xbf,0xde,0xeb,0x9e,0x87,0xe1,0xb8,0x4b,0x3,
  0x82,0x1e,0xaa,0x23,0x31,0x12,0x23,0xf1,0x1,0x3e,0xc0,0x87,0xc,0xc3,0x30,0xf,
  0x28,0xcd,0xd7,0x8f,0xe5,0xc3,0x47,0x37,0xf6,0x2c,0x5f,0x6d,0x5a,0x97,0x53,0xdb,
  0x32,0x1e,0x8f,0x47,0x8c,0x93,0xf3,0x1c,0xa,0x35,0x54,0x5b,0x22,0x8,0xa5,0x86,
  0x3,0x21,0xda,0x50,0x8d,0x21,0x35,0xe8,0x3,0x81,0xa0,0x6,0xda,0x13,0x84,0xde,
  0x7a,0x76,0x79,0x6e,0xd8,0x6f,0x51,0x2c,0xbf,0x7,0x0,0x3a,0x9c,0x17,0x3d,0x9e,
  0xd3,0x60,0x7f,0x59,0xaf,0x13,0xd5,0x52,0x7c,0xba,0xce,0x51,0x88,0x20,0xf4,0x34,
  0x5c,0xd7,0x39,0xd0,0xc3,0x45,0xdc,0x80,0x8,0xe1,0x2,0x1,0xa8,0x10,0xd,0x80,
  0xc0,0xaf,0x77,0x6e,0x9e,0x35,0x7a,0x51,0x89,0xfb,0x41,0xbe,0xe1,0x6f,0xe7,0x91,
  0xa2,0x47,0xc3,0x25,0x9a,0x7e,0x3e,0xd,0x8b,0x5b,0xcf,0x55,0x5a,0xef,0xd9,0x29,
  0x28,0x5d,0xef,0xa5,0x38,0x22,0x51,0x84,0x51,0x69,0x34,0x68,0x1b,0xa0,0x54,0xc3,
  0x3d,0xad,0x6e,0xf5,0xca,0x14,0x61,0x44,0x54,0xe7,0xab,0xcd,0x7a,0x2f,0xd1,0x1,
  0x49,0x75,0x2b,0x56,0x52,0x25,0xe5,0xd6,0x88,0x49,0xbd,0x1a,0x8a,0xf2,0xb6,0xb1,
  0x54,0x66,0x17,0x31,0xc6,0x18,0x63,0x86,0x10,0x82,0xa0,0x48,0x24,0xf2,0xd8,0x45,
  0x71,0x46,0xd7,0x71,0x8d,0xc6,0x30,0xc,0xc3,0x30,0x86,0x59,0x50,0x80,0x16,0x22,
  0x9,0xee,0x96,0x42,0x34,0xf3,0xdc,0x2,0x4,0xf4,0x9c,0xb2,0xff,0x12,0x82,0x72,
  0xa8,0x52,0x63,0x11,0xb1,0x12,0x11,0x49,0x52,0x90,0x54,0x86,0x31,0x2,0x1a,0x84,
  0x22,0x69,0xa2,0xa5,0x9d,0x67,0xf,0x2,0x61,0xaa,0x43,0x39,0x90,0xa3,0x6,0x12,
  0x42,0x88,0x88,0x50,0x20,0x22,0x22,0x81,0x4,0x13,0x44,0x92,0x14,0x24,0x85,0xe1,
  0xae,0x29,0xf3,0x3a,0x81,0x3f,0xb2,0x2d,0xe1,0xcc,0x1d,0xe7,0x5,0xbc,0x3e,0x9b,
  0x6,0x54,0x13,0x61,0xa,0x1,0xcd,0x55,0xe2,0x5f,0x7c,0xb0,0x33,0x28,0x1e,0x28,
  0xbd,0x45,0xc4,0xde,0xba,0x95,0xf0,0xc6,0x2,0x1f,0x89,0xdd,0x3d,0xdc,0x78,0x82,
  0x3e,0xba,0x9d,0x31,0x9b,0x8d,0xb5,0x38,0xd1,0xde,0x80,0x45,0xf9,0x27,0x5b,0x45,
  0x96,0x0,0x2e,0xc2,0x5d,0xa9,0x6c,0x80,0x17,0x20,0xbc,0xac,0xc5,0x3e,0xaa,0x80,
  0xa,0x17,0x9a,0x4a,0x1d,0x6c,0xc3,0x0,0xf1,0xb,0xa1,0x46,0xd7,0x22,0x8c,0x86,
  0xdf,0x2e,0x12,0xfe,0xd9,0x1d,0xc0,0xc1,0x30,0xb2,0x92,0xa3,0xfc,0x63,0xdb,0xf6,
  0x19,0x9a,0xbb,0xd8,0xc5,0x94,0xcd,0xec,0x6,0x6f,0xaa,0xee,0xa4,0x4a,0x30,0xa9,
  0xff,0x39,0x80,0x69,0xbb,0xc4,0xe,0xdc,0xfd,0x64,0xbf,0xe8,0x9e,0x2b,0x47,0x8f,
  0xe9,0x36,0x3e,0xe6,0x5,0x20,0x4f,0x61,0x9f,0xea,0xa1,0xcc,0x96,0x3a,0xb1,0xf,
  0x1b,0x22,0x7a,0x52,0x9a,0xa4,0x40,0xbf,0x62,0xc0,0xe3,0x7e,0xb,0x6b,0x46,0x30,
  0xee,0x92,0xba,0x5b,0x3a,0xa9,0x2a,0xbb,0x8e,0x11,0x48,0xfa,0xa,0x74,0xc4,0xdf,
  0xd2,0x60,0x28,0x5a,0x7,0x25,0x17,0xba,0x5d,0xc0,0xe7,0xe9,0x4d,0x49,0x41,0xa0,
  0xa8,0x37,0x4b,0x76,0x46,0xc3,0x1c,0x41,0x4,0xdb,0x2c,0xbf,0x79,0xf4,0xfd,0x4e,
  0x3c,0xbb,0x13,0xf3,0x3b,0xb9,0xbd,0x2a,0xf8,0xc4,0x19,0xc3,0x94,0x25,0x2c,0x44,
  0x5a,0x4a,0x2,0x99,0xd2,0x2d,0x75,0x4a,0xde,0x45,0x37,0xb2,0x97,0x41,0x91,0xad,
  0xcd,0x5e,0x1c,0xd8,0x68,0xb4,0xeb,0xe9,0x4e,0xab,0xe9,0xe,0x4d,0x9,0x28,0x40,
  0x78,0x80,0x31,0x77,0xec,0x41,0x18,0x2,0x69,0x82,0xe6,0xf1,0x3b,0xfd,0xc0,0xe,
  0x40,0x4d,0xd6,0x2,0x12,0xff,0x9b,0x2b,0xce,0xc2,0xde,0x86,0xf4,0x9e,0xe,0xce,
  0x9b,0x37,0xc1,0x4,0xd8,0x31,0x53,0x2e,0xdd,0x89,0x22,0x9,0x82,0x27,0xb1,0xa,
  0xa8,0xc0,0xd3,0xb3,0xba,0x9b,0xc1,0xe6,0x4d,0x4b,0x5,0xd0,0xc9,0xfa,0xd1,0xce,
  0x74,0xd7,0x23,0x1f,0x1d,0x2c,0x6f,0x4c,0xe2,0x34,0x56,0x3a,0x8f,0xaf,0x6b,0x20,
  0x8f,0x5e,0x2d,0xcc,0x8a,0xf2,0x35,0x40,0x8e,0x6e,0x0,0xdc,0x8c,0xe5,0x4f,0x13,
  0x57,0x90,0x28,0x12,0x77,0x11,0x90,0xd7,0x5,0x59,0xe4,0xc1,0x42,0xbb,0x5c,0x3c,
  0x6a,0x0,0x62,0x49,0x10,0xed,0x13,0x80,0x7d,0x5,0xb0,0x87,0xb9,0x58,0xdc,0xb,
  0xbe,0x13,0xcf,0x1f,0x31,0x7c,0x4c,0x44,0x66,0x80,0x66,0x2,0x2e,0xb,0xa0,0x10,
  0x17,0x1b,0x84,0xc,0x19,0x9a,0x39,0xd5,0xe2,0x4e,0x2f,0xde,0x93,0x9e,0x2c,0x9c,
  0x30,0x44,0x51,0xef,0xaa,0x2e,0x87,0x59,0x5e,0x38,0x15,0xa0,0x1c,0xdd,0xa2,0x27,
  0xd3,0x10,0x65,0x85,0x28,0xec,0x16,0x17,0x92,0x4e,0x52,0x81,0xbb,0xf,0x4b,0xb8,
  0x1,0x3c,0x88,0xee,0x5a,0x4b,0x39,0xb6,0xca,0xb0,0xb1,0xd4,0x69,0xd3,0xc1,0xe0,
  0xa6,0xbb,0x2d,0x29,0xbb,0xd5,0xf2,0x37,0x26,0x86,0xd3,0x7e,0x9c,0x0,0xcb,0x65,
  0x94,0xb,0x94,0x43,0x54,0xf2,0x70,0xa2,0x9e,0x76,0xda,0x11,0xd2,0x2c,0x36,0x15,
  0xf4,0x1d,0x88,0x15,0x41,0x60,0x83,0x87,0x6e,0xe,0x6c,0x2e,0xf2,0x46,0xed,0x31,
  0xb2,0xd,0xd9,0xaf,0x4d,0xa0,0x13,0xde,0xf6,0xe,0xdd,0x3,0x59,0xc,0x40,0x79,
  0x9a,0x2f,0x1,0x34,0xa8,0xe0,0x29,0x3c,0x79,0x11,0x46,0xaf,0xec,0xb2,0x87,0xd4,
  0xec,0xde,0xb1,0x21,0x7c,0xd8,0x1e,0xad,0xe5,0x8b,0x65,0x1f,0x62,0xf5,0xb3,0x3e,
  0xff,0xf6,0x5a,0x6,0x2e,0x6d,0x8e,0x28,0x4e,0x73,0xc7,0x56,0x32,0x72,0x8c,0x40,
  0x9e,0x1f,0xa3,0xbc,0x18,0xbc,0x7c,0xf4,0x60,0xce,0xb2,0xd5,0x9f,0xe6,0xb7,0xed,
  0x63,0xd2,0xeb,0xff,0x7f,0x5f,0xd1,0x66,0x49,0xfc,0xb1,0xd1,0x1d,0xad,0x7d,0x24,
  0xa0,0x7c,0x55,0xf9,0x29,0xfb,0x1d,0x31,0x7e,0xfb,0x4,0x90,0xf9,0x2e,0xa6,0x73,
  0xb5,0x53,0x7d,0x30,0x82,0xb4,0xce,0x7e,0x35,0xb9,0xf9,0xc3,0xa5,0xd3,0x82,0xd8,
  0xfc,0x20,0x1,0x8b,0x55,0xab,0xb4,0x80,0xf7,0xd5,0xc9,0x76,0x95,0x9,0x41,0x9f,
  0x9f,0x50,0xc8,0x4b,0xb2,0xe4,0x2c,0x63,0x5a,0x25,0x66,0xe5,0x82,0xec,0x1f,0xc9,
  0xfb,0xc5,0x4e,0xaa,0x42,0xc9,0x7f,0xf9,0xd5,0x34,0x9f,0xbd,0x60,0x63,0x83,0x38,
  0x69,0xa7,0x74,0x52,0x9e,0x33,0xd8,0x38,0xa4,0xec,0x60,0x2,0x5f,0x98,0x16,0x4c,
  0x56,0x35,0x34,0x8c,0x41,0x73,0x84,0xfc,0x53,0xb5,0x27,0xad,0x98,0x55,0x3a,0xa9,
  0x69,0x68,0xd2,0x18,0xa8,0x1f,0x2a,0x1d,0xa7,0xdf,0xe5,0x20,0x86,0xe3,0xb9,0x2e,
  0xae,0xfd,0xd7,0x7,0x6,0xac,0x69,0x40,0x64,0xb4,0x70,0xf6,0x32,0x31,0xdb,0xc7,
  0x66,0x7,0x7f,0x4,0x61,0x9b,0xad,0x90,0x34,0xc6,0xe3,0xbb,0x94,0xc,0x8,0xd7,
  0xee,0x7b,0x46,0xd2,0x71,0xd7,0xd4,0xcd,0x87,0xc7,0x60,0x62,0x99,0x35,0x7e,0xec,
  0x12,0x10,0xbe,0x76,0xd,0x80,0xd1,0x53,0x60,0xbc,0xc7,0xad,0x32,0xf8,0xbf,0xcc,
  0xf1,0x23,0x16,0x18,0x39,0x7f,0x13,0x16,0x49,0x2,0x6c,0xe8,0x8d,0xf5,0x3e,0x46,
  0x9d,0x88,0x9c,0xd8,0xee,0x72,0x3e,0xa1,0x3a,0x14,0x1,0x36,0x57,0x21,0xc5,0xcc,
  0xb7,0xa,0xa4,0x17,0xa2,0x1f,0x77,0x73,0x40,0x79,0x7a,0x80,0x3e,0x81,0x3c,0x8c,
  0xbf,0xb4,0xa5,0xfb,0x22,0xbd,0x72,0x21,0xd4,0x7e,0xd5,0xa2,0xa9,0x37,0x9a,0xe,
  0x1b,0xd2,0x3a,0x70,0x2d,0x50,0xc8,0x13,0xb1,0x85,0xc0,0xb0,0x8b,0xcb,0x2c,0x80,
  0x5b,0x55,0x9c,0xdb,0xb4,0x90,0x61,0xd9,0xf2,0x16,0x10,0xe9,0x49,0x40,0x1e,0xcd,
  0xca,0x32,0xc8,0xd8,0x7d,0xba,0x77,0xd,0xf8,0x42,0x7b,0x32,0xf2,0xf3,0xbb,0xf6,
  0x91,0x9a,0x0,0xdc,0xed,0x3f,0xf8,0x8d,0xdc,0xb3,0x8a,0x10,0x60,0xf4,0x70,0xf2,
  0x50,0x78,0x9d,0xc4,0x0,0x39,0x3e,0x8a,0x7c,0xab,0xa0,0xc9,0xa8,0x6d,0x2c,0x27,
  0x89,0x43,0x5c,0x52,0xf5,0x7,0x60,0x35,0xbc,0x8,0x1f,0x68,0x87,0xa4,0xf1,0x8e,
  0x3a,0xbf,0x8,0x42,0xa2,0x69,0xb4,0x86,0xb5,0xaf,0x51,0x1f,0x9a,0x25,0xa1,0x93,
  0x41,0x22,0x4b,0xa7,0x5e,0x93,0xb9,0xa5,0x5c,0x41,0x79,0x1f,0x6,0x35,0xb6,0x13,
  0x18,0xc7,0xf2,0x5,0x6d,0x15,0x0,0x4e,0x78,0x53,0x96,0x14,0x23,0x9b,0xee,0x46,
  0x3d,0x4b,0x17,0xfe,0xbb,0x27,0x3b,0x2,0xa9,0x71,0x9d,0xdd,0xaa,0x77,0x18,0x1c,
  0xd9,0xa6,0x88,0x80,0x67,0x4,0x2f,0x43,0xbf,0xd,0x9f,0xe5,0x3b,0x1f,0xe1,0xbc,
  0x22,0x3,0x72,0x36,0x22,0x1,0x4e,0xb7,0xb,0xc,0x4,0x7e,0xc3,0xe2,0x5b,0xc5,
  0x16,0x13,0x6d,0xd7,0x51,0x76,0x28,0x79,0x68,0x12,0x88,0x5,0xa,0x7f,0xf1,0xa4,
  0xcd,0x63,0xab,0x54,0x96,0x45,0x52,0x9e,0x55,0x75,0x2,0x1b,0x41,0xbe,0x95,0x48,
  0x1e,0x5d,0xb1,0x2d,0xe5,0x80,0xf7,0xef,0x28,0x8,0x83,0x82,0x52,0xd2,0x27,0xf0,
  0x3,0x11,0xd4,0x74,0x42,0xa,0xc,0xef,0x44,0x93,0x48,0x88,0x4d,0x79,0x88,0xa9,
  0xf3,0xb4,0x23,0x69,0x57,0x87,0xfd,0xf5,0x62,0xf,0x61,0x5a,0x8,0x2a,0x41,0xca,
  0xf4,0x7b,0x7f,0xf,0x6b,0xc6,0x7,0x79,0xd7,0x50,0x90,0x5c,0x38,0x47,0xa9,0xb7,
  0xf7,0x32,0xbc,0x41,0xa3,0xe6,0x66,0xa0,0xdc,0x33,0xa7,0x22,0xf0,0xf8,0x0,0x81,
  0x1b,0xa3,0x60,0xe7,0x72,0x2,0x42,0x10,0xc0,0x3c,0xa3,0x1,0xd6,0x24,0x80,0xea,
  0x56,0x1b,0x71,0xa1,0x2e,0x83,0x43,0x80,0x2,0x75,0xe0,0x3d,0x64,0x5f,0x11,0x59,
  0x45,0x71,0x7a,0xf,0x5a,0x4b,0xc0,0x63,0x2b,0xe5,0x77,0xdd,0xaf,0x54,0x1b,
    // flow3d_CS.glsl
  0x0,0x0,0xd,0x4,
  0x28,
  0xb5,0x2f,0xfd,0x60,0xf4,0x2d,0xd5,0x67,0x0,0xca,0x6b,0x18,0x14,0x2d,0xc0,0x8e,
  0xc8,0x3c,0x92,0xa4,0xbb,0x11,0xa1,0x51,0x88,0x93,0x7e,0x4,0xb0,0x5c,0xcf,0x77,
  0xff,0x10,0xc5,0xd5,0x72,0xa0,0xe,0x1b,0xe0,0x6e,0x5a,0x75,0xd2,0x2,0x80,0x2,
  0x9e,0x13,0x35,0xc0,0xb2,0x8,0x2,0x9,0x41,0x5,0x2,0x3b,0x1,0x31,0x1,0x35,
  0x1,0x61,0x45,0x15,0xab,0x38,0x1,0xdf,0x89,0xc,0xba,0x51,0xc,0x5b,0x8c,0xbb,
  0x37,0x2c,0x34,0xb8,0x69,0x21,0x9e,0x37,0xb0,0xc1,0xc9,0x9f,0xfe,0xf7,0xbf,0x8c,
  0x7e,0xc,0x3a,0x11,0x96,0x8,0x49,0x63,0x71,0xb1,0x59,0xa,0xb1,0xf8,0x5c,0x27,
  0xd2,0xbc,0x98,0x19,0x89,0x7a,0xf5,0x31,0x56,0xf2,0xae,0x8d,0xb0,0xad,0xf6,0x7e,
  0x17,0x51,0x26,0x93,0x91,0x24,0x4,0x18,0x93,0xf3,0x87,0xc0,0xd2,0x94,0xca,0x6d,
  0x76,0x73,0x7b,0xc,0xf6,0xe9,0xa2,0x24,0xac,0x25,0xf5,0xce,0x3a,0x96,0x37,0xe3,
  0x6a,0x37,0xf7,0xea,0xe4,0x38,0x89,0x71,0xcf,0xa0,0xf5,0x6f,0xcb,0x32,0x2,0xc5,
  0xb5,0xd4,0x46,0x66,0xa5,0x78,0x6,0xbf,0xc9,0xee,0x82,0xd8,0xff,0x6f,0xe7,0x19,
  0x5,0xb9,0x23,0x6f,0xdf,0x75,0xef,0x9e,0xe3,0xab,0xad,0xd9,0x84,0x71,0x15,0xb4,
  0x57,0x82,0x25,0x83,0xdf,0xd3,0xf2,0xd7,0x46,0x6a,0x86,0x80,0xab,0xcd,0xd7,0x62,
  0x60,0x98,0x7e,0x95,0x98,0x8a,0x65,0xce,0xb3,0xb4,0xb4,0xeb,0xea,0xc4,0xb8,0x2e,
  0xaf,0x20,0x2a,0x59,0xe5,0xf7,0x29,0xf8,0x90,0x51,0xee,0x18,0x44,0xc5,0x73,0x9d,
  0x58,0xfe,0xbc,0x79,0xb3,0xd5,0xb0,0xdc,0x3d,0xc5,0x5c,0xdb,0x63,0xf8,0xe5,0xda,
  0x6e,0x56,0xb0,0xd1,0x68,0x54,0x96,0x5b,0x24,0xf,0x96,0x87,0xc8,0xa3,0x32,0x91,
  0xf9,0x9,0x81,0xb3,0xa8,0xe7,0x75,0xfa,0x83,0x54,0x62,0xf8,0x97,0x67,0xc6,0xb7,
  0xaa,0xb1,0x23,0xb0,0x9c,0xcd,0x2e,0x49,0x8d,0x46,0x47,0x4d,0x93,0x4b,0x3c,0x98,
  0x58,0x26,0x91,0x87,0xa,0xe5,0x41,0xe2,0x11,0x41,0x91,0x98,0x4c,0xd1,0x44,0xf9,
  0x82,0x5,0x95,0xcb,0x80,0x3f,0x48,0x98,0x58,0x2c,0x28,0x14,0xf,0x2a,0x92,0xee,
  0x62,0x30,0x50,0x1d,0x60,0xa0,0x2e,0x2a,0xb2,0x7c,0x42,0xf1,0xaf,0xb3,0x7b,0x4e,
  0x40,0xa3,0x31,0x59,0x97,0x57,0x3b,0xf1,0x7d,0xc,0x1,0x1,0x5a,0x46,0x2d,0x65,
  0xc,0xa5,0xfb,0x43,0xd3,0x22,0x32,0x22,0x23,0x72,0x6f,0xad,0xb1,0x59,0x61,0xd,
  0x70,0xa8,0x67,0x36,0x13,0x2c,0xf8,0x79,0xac,0x86,0xe9,0xd8,0x94,0xcd,0x26,0x23,
  0xf3,0xf8,0x6e,0xec,0xad,0x35,0xc6,0xe0,0x99,0x6f,0x8d,0x45,0x87,0x62,0xa4,0x26,
  0xf6,0xd6,0x5a,0xa,0x3d,0x7a,0x18,0xb9,0xc5,0x50,0x59,0x58,0xcc,0x2a,0x49,0x41,
  0xe7,0xe8,0xcf,0xe,0xba,0xb2,0xf3,0x77,0x74,0x84,0x1d,0x9a,0x7c,0x2b,0xe0,0xb,
  0xa,0x98,0xbd,0xf5,0x23,0x11,0x33,0x77,0x9,0x6c,0xef,0xad,0xb5,0xc6,0xc2,0x48,
  0x12,0x41,0x1e,0x46,0x11,0x88,0x6,0x94,0x6,0xd5,0x14,0x38,0xa6,0x26,0xf3,0xed,
  0x5a,0xa8,0xc,0x83,0x93,0x93,0xf7,0xaf,0xdd,0x3a,0xfa,0x16,0xcd,0xa9,0xb5,0x11,
  0x77,0x58,0x98,0x46,0xe7,0xb9,0x59,0xfa,0x10,0xac,0x6a,0xba,0xa8,0x7,0x29,0xe4,
  0x82,0x28,0x2b,0x36,0x57,0x83,0xe3,0x17,0x2e,0x78,0x43,0xfd,0xbf,0x92,0x8c,0xc9,
  0x81,0x62,0x43,0x3d,0xa6,0x4f,0x79,0xbd,0x60,0xfe,0xeb,0x8e,0x25,0x55,0xe,0x8d,
  0x77,0xd3,0x1,0x65,0x6e,0xb8,0xaf,0xe4,0x97,0x50,0xaf,0x6e,0x4a,0xbb,0x23,0xf3,
  0xd0,0xc2,0xc2,0xd2,0xc6,0x2d,0xab,0xaa,0x28,0xa,0x52,0x31,0x41,0x66,0xc9,0xf9,
  0x64,0xf1,0x0,0x62,0xb1,0xf8,0xfd,0xae,0x3,0x35,0x77,0xa6,0xac,0x4e,0xcd,0x1d,
  0xdc,0x87,0x9b,0xf0,0x21,0x48,0x5c,0xa8,0xa4,0xc2,0x9a,0x60,0x91,0x97,0x8b,0xf4,
  0x2e,0x9e,0x23,0x94,0x17,0x77,0xc8,0xbf,0x12,0xcb,0xdf,0x13,0xbb,0xcd,0x8e,0x1,
  0x9d,0x7b,0xc7,0x5a,0x66,0xa8,0x74,0x3c,0xdd,0xc1,0xb9,0xfe,0xe5,0xe9,0xd7,0xff,
  0x4c,0x7e,0x2d,0x6b,0x2d,0x37,0xfe,0xdc,0x74,0x2d,0xef,0x95,0xfe,0xdf,0x84,0x23,
  0x88,0xb0,0x28,0xce,0xf5,0xf8,0xd5,0xe0,0xdf,0x66,0xf6,0xca,0x3,0x8f,0x21,0x75,
  0x98,0x13,0x9d,0x87,0xc3,0x3c,0xba,0xc3,0x10,0x55,0x4f,0xec,0x24,0xa7,0x5d,0x24,
  0x6d,0x72,0x9d,0x70,0x3f,0xbb,0x49,0xa9,0xbd,0x64,0x34,0xa4,0x18,0x81,0xd4,0xf0,
  0x33,0x9e,0x58,0x73,0x9b,0xef,0x67,0xd0,0xda,0xdf,0xae,0x5d,0x10,0x6d,0x7f,0xb,
  0x64,0xaf,0xd3,0x31,0x68,0xc1,0x3a,0xf1,0x74,0x8c,0x5c,0xbf,0x5a,0xcc,0xc5,0x6e,
  0x4e,0xe5,0xe5,0xda,0x1a,0xa5,0x8c,0xbd,0xf7,0xd6,0x5a,0x6b,0xc,0x7a,0xa2,0x47,
  0x5c,0xc2,0x6a,0x6f,0xad,0xa3,0x3b,0x8e,0xa6,0xca,0x2c,0x25,0xcf,0xa0,0x8,0xa0,
  0x7a,0x73,0x72,0x70,0x3c,0x9d,0x6,0x47,0x82,0x32,0x21,0x1a,0x44,0x1e,0xa7,0x3c,
  0x90,0x50,0x0,0xa1,0xc4,0x7,0xf4,0xa0,0x44,0x48,0xe3,0xd1,0x81,0xc5,0x1,0x85,
  0x44,0xc5,0xa5,0xc7,0xb3,0xd4,0xa3,0xe4,0xe0,0x5c,0x58,0x20,0xac,0xc9,0xdf,0x2e,
  0x68,0x2d,0x7b,0x6b,0x8d,0xc5,0xec,0xd1,0x1e,0x87,0xc4,0x47,0xe3,0x12,0x44,0x7a,
  0x48,0xee,0x40,0x9e,0x47,0xd3,0x44,0x48,0x34,0x4d,0xd3,0x34,0x2d,0x3f,0xd5,0x40,
  0xab,0xc0,0x21,0x8f,0xc6,0xa3,0x28,0xaa,0x56,0x53,0xa7,0x41,0xd3,0x34,0x7,0x29,
  0xa5,0x13,0x20,0xe0,0xd1,0xb3,0x6,0x7f,0x1e,0xc9,0xd9,0x5f,0xdc,0xdf,0xa3,0xbf,
  0xa8,0xbf,0x27,0xfc,0x62,0xf8,0x35,0x9e,0x31,0xbf,0xec,0x17,0x7b,0x3b,0xaf,0x76,
  0x66,0x50,0x9b,0x37,0xdb,0xea,0x34,0x5c,0x58,0xb4,0xf6,0x1d,0x3e,0xa1,0x84,0x3e,
  0x8c,0xbf,0xe7,0x26,0x76,0x5c,0x20,0xd7,0x69,0x29,0x19,0xff,0x44,0x67,0xfd,0xb7,
  0x2a,0x33,0x9e,0x5c,0x7e,0x8f,0x3e,0x20,0x8f,0xf8,0x48,0x50,0x1e,0x14,0x7,0x96,
  0x8,0x45,0x2a,0xa5,0x94,0x52,0x3e,0x28,0xa5,0x11,0xfb,0xe2,0x0,0xc7,0x8d,0x71,
  0xd4,0x18,0xc7,0x10,0x5f,0x58,0xb4,0xa8,0x45,0xad,0x69,0x31,0xd4,0x20,0xce,0x96,
  0x71,0x7,0x8d,0x46,0xa3,0x61,0x51,0x13,0x27,0x79,0xbe,0x32,0x53,0x96,0xcf,0xfb,
  0x5c,0x7d,0xaf,0x4e,0x4e,0x3e,0xf5,0xc7,0x64,0x58,0x96,0x55,0x55,0x98,0x23,0x39,
  0x13,0xca,0x44,0x14,0xe5,0x50,0xd0,0x6c,0x32,0xaf,0x98,0x9e,0x19,0x2f,0x8,0x9a,
  0x1c,0xa6,0x63,0x14,0xe4,0x3d,0x76,0xca,0x73,0x37,0x3f,0x1c,0x80,0x72,0x38,0x75,
  0x4a,0x4e,0xf3,0x65,0xaf,0x3e,0xcd,0x9c,0xca,0x32,0x2c,0xf3,0x7,0x6f,0xde,0x7b,
  0x6f,0x7,0xd2,0x8d,0x47,0xbd,0xf7,0xa6,0xa2,0x8e,0x34,0x57,0x2d,0x7,0x3e,0xc6,
  0x78,0x9e,0x1e,0x9e,0xf2,0x3a,0x84,0x51,0x96,0x1f,0x7f,0xa5,0xf2,0x10,0x41,0xf1,
  0xe0,0xdc,0x95,0x99,0x29,0x32,0x20,0x39,0x97,0xd5,0x58,0x97,0x55,0x59,0x17,0x43,
  0x34,0x55,0x15,0x96,0xb9,0xf8,0x3c,0x4e,0x55,0x59,0x6,0x51,0xc9,0x7c,0xed,0xea,
  0xc4,0x2a,0x32,0xe7,0xa8,0xd,0x23,0x5,0x93,0x9,0x95,0x9a,0xa5,0x12,0xb,0xea,
  0x35,0x99,0x56,0x9b,0x3a,0xe5,0xc5,0xc1,0x9c,0xcc,0xa5,0xf8,0x79,0xf6,0xcb,0x36,
  0x4b,0xef,0xab,0x73,0x9c,0x74,0x8e,0x82,0x96,0xb3,0x39,0x41,0x8c,0xd2,0xd6,0x3a,
  0xba,0x24,0xe2,0x92,0x9f,0x1c,0x9c,0xc7,0x54,0x76,0xee,0xb0,0x30,0xd9,0x53,0x31,
  0xa3,0x6b,0x3b,0x77,0x44,0x8,0x72,0x87,0x3b,0x24,0x4e,0x7e,0xf,0xd3,0x10,0x90,
  0xf6,0x1d,0x3e,0x21,0x4,0xa4,0xbb,0x38,0xa1,0x5c,0x7a,0x43,0x40,0x3b,0x36,0x10,
  0xb6,0xc7,0xa9,0xca,0xa3,0xa,0xf,0x8e,0xa7,0x74,0xbb,0xbd,0xb5,0xb6,0xae,0x4,
  0xc5,0x6b,0x19,0x80,0x3e,0xa2,0x1a,0xee,0xd6,0x4f,0xbc,0x7b,0x6f,0xad,0x35,0xb6,
  0x98,0xa,0x46,0x62,0x2e,0xd3,0xbf,0x4e,0x5a,0xa7,0x67,0x2c,0x3b,0x49,0x6a,0x9c,
  0x86,0x4c,0x14,0xd5,0x8c,0xe1,0xf4,0x21,0xea,0xf4,0x49,0xf1,0x4b,0x8a,0x28,0xbf,
  0x36,0x3b,0x17,0x83,0xd9,0xa8,0x42,0x43,0x95,0x31,0x24,0x22,0x22,0x92,0x24,0x49,
  0x61,0x38,0xe2,0x11,0x4,0x2,0x71,0xa0,0x87,0x2d,0x85,0x37,0xd2,0x80,0x4c,0xc9,
  0x61,0x14,0xc4,0x33,0x6,0x39,0x43,0x10,0x19,0x11,0x11,0x11,0x9,0x24,0x12,0x91,
  0x24,0x5,0x49,0x1a,0x3,0xda,0xd2,0x10,0x48,0x6c,0x94,0x6d,0x67,0x18,0x73,0x63,
  0x79,0x22,0xc5,0xd3,0x69,0x4e,0x5a,0x22,0x5c,0x10,0xa7,0x15,0xd0,0x3e,0x21,0x9c,
  0xc2,0xb6,0x7e,0xcc,0xa4,0xb1,0x26,0x2d,0x68,0xa0,0xc8,0xc4,0x90,0x78,0xee,0x43,
  0x26,0x40,0x58,0xdb,0x3d,0xa,0x73,0xfb,0x18,0x2,0x17,0xfc,0x6,0x44,0x94,0x4b,
  0x27,0x14,0xf1,0x38,0xb8,0xb,0x77,0x8d,0x28,0xc6,0x43,0x97,0xec,0x6b,0xf7,0x2b,
  0x70,0x3a,0x5c,0x5,0x16,0x31,0x35,0x9d,0x27,0x0,0x24,0x88,0x10,0x54,0x78,0x1e,
  0xee,0x76,0x49,0x98,0x91,0xdd,0xe1,0xb8,0x43,0x57,0x49,0x41,0x6b,0x49,0x66,0xb6,
  0xd3,0xec,0x67,0xd5,0xbb,0x98,0xb0,0xfb,0xc9,0xb4,0xdd,0x4f,0xce,0x80,0xbe,0xe2,
  0x68,0xbb,0x51,0xb3,0xe3,0x4b,0x5,0x8f,0x4b,0xe0,0xa2,0x62,0x5e,0x1f,0x4d,0x1b,
  0xc0,0x90,0xd2,0xb8,0xa2,0xd4,0x96,0x1f,0xe0,0x68,0x9f,0x6f,0xc,0xa7,0xec,0xca,
  0x14,0x11,0x83,0xb5,0x95,0xa3,0x65,0x63,0x3c,0x50,0x68,0x4f,0x12,0x81,0x22,0x84,
  0x23,0x6d,0x24,0x2c,0x74,0x73,0x83,0x59,0x5e,0x23,0x2f,0x42,0x2c,0xb5,0xe7,0xaf,
  0x9c,0x2e,0xbd,0x0,0xd4,0xa0,0x27,0xcc,0x49,0x57,0x4c,0x4d,0xe1,0xec,0xb4,0x26,
  0x8e,0x59,0xd4,0x34,0xb5,0x20,0x55,0x19,0x4b,0xc3,0x7b,0x5b,0xb1,0x7a,0x66,0xbb,
  0x3d,0xcd,0xa2,0x24,0xb5,0xd6,0x86,0xb6,0x73,0x86,0x6a,0x8d,0xa2,0x81,0x5d,0xe4,
  0x20,0x6d,0xd8,0xe5,0xcb,0x96,0x5b,0x8,0x61,0x3f,0xc8,0x98,0x6,0x98,0x33,0xa2,
  0x9d,0x6b,0xd6,0x70,0x6d,0x67,0x63,0xb7,0x69,0x5a,0x73,0x91,0xc3,0x8,0x9f,0x21,
  0x9,0x17,0x3,0x74,0xf1,0xab,0xf4,0xed,0x7e,0x87,0x45,0x3a,0xa5,0x13,0x2e,0xc6,
  0x22,0x9d,0xa0,0x37,0xab,0xba,0x31,0x5e,0x4f,0x38,0x4f,0x1e,0x46,0xdd,0xb5,0x91,
  0xf6,0x4,0xe9,0xbc,0xcf,0xfc,0x8e,0x37,0x19,0xb8,0x16,0x5d,0xa7,0xf5,0x42,0x52,
  0x69,0x49,0xc2,0x76,0x43,0xd0,0x6,0xb3,0x43,0xab,0x16,0x2,0x1e,0x3d,0x80,0x31,
  0x93,0xa4,0x4c,0xbb,0xa4,0xb,0x38,0x7e,0x30,0x36,0x64,0xfe,0x58,0x11,0x89,0x74,
  0xf6,0xf,0xe,0xb0,0x2a,0xe5,0xd2,0xb4,0x83,0x68,0x1f,0x37,0x36,0xfa,0x39,0x72,
  0x9f,0x4,0x14,0x17,0xfa,0x2f,0x5c,0xe5,0xfc,0x87,0x37,0x9e,0x40,0xeb,0x4d,0x49,
  0x9e,0x14,0xac,0xeb,0xf8,0x4,0xf9,0x0,0xa,0xa6,0x47,0x55,0xe7,0xd8,0x8b,0xb4,
  0x9c,0x8,0xfd,0x9f,0x8a,0xa4,0x42,0x13,0x4,0x94,0xf1,0x66,0x6e,0xf5,0xb4,0xd8,
  0x9a,0x23,0xd5,0x16,0x72,0x82,0x30,0xf8,0x92,0xd7,0xce,0xb,0x0,0x10,0x4e,0x2,
  0xd2,0xb4,0x5d,0x58,0xba,0x94,0x68,0xac,0x60,0x21,0xd3,0x4f,0x5,0x4c,0xe4,0x75,
  0x48,0x9,0x1b,0xca,0x2b,0x63,0xe1,0x6e,0x14,0x68,0x3b,0x53,0xd8,0xb,0x1a,0x10,
  0xd3,0xc8,0x2d,0xf,0xf9,0xd9,0xaf,0x54,0x27,0x9d,0x76,0x89,0xcd,0x5e,0x30,0x7d,
  0xb6,0xdc,0x2f,0x3e,0xe9,0x9,0xc1,0xdb,0xcf,0xbf,0x5,0x70,0xe1,0x6f,0x16,0x5d,
  0x7d,0x32,0x20,0x44,0x6e,0x4d,0x4f,0xb3,0xc0,0xc8,0x30,0x30,0xfc,0x48,0x87,0xa7,
  0xf6,0x9,0x80,0xe8,0x38,0xf6,0x77,0xb8,0x97,0x5c,0xce,0xa6,0x5a,0x5e,0x1c,0x59,
  0x39,0xb0,0x14,0x9d,0xcb,0x94,0xbc,0x61,0x37,0x58,0x8c,0xa2,0x8,0xb3,0xbe,0x63,
  0x48,0xa1,0x93,0xe1,0x80,0x97,0x21,0x5a,0x90,0x82,0x8f,0x31,0xac,0xb3,0x43,0xb8,
  0x5e,0xc,0xcc,0xf4,0x1,0x59,0x4d,0x33,0x6,0x77,0x77,0xad,0x96,0xa3,0x33,0xbe,
  0xd9,0x83,0xef,0xcc,0x44,0x90,0xd0,0xba,0x19,0x98,0xd1,0xcf,0x53,0x17,0x28,0x26,
  0xcd,0x21,0x14,0x8,0x7c,0x53,0xa3,0xfc,0xab,0xa0,0x9d,0xbf,0xbd,0x85,0x54,0x21,
  0x61,0x9f,0x59,0x4,0xd4,0x7b,0xbe,0x51,0xe7,0x27,0xb1,0x72,0x8d,0xa3,0xd6,0x6d,
  0xb1,0xa5,0xb3,0x91,0x7e,0xd0,0x8,0x42,0x7,0x50,0xe3,0xee,0x6,0x14,0x8a,0x4d,
  0x31,0x9a,0xd9,0x46,0x20,0x2c,0x26,0x39,0x92,0xcc,0x15,0xa1,0x68,0xeb,0x96,0xa1,
  0x1,0x30,0x72,0x9d,0x39,0xca,0xd0,0x14,0x80,0x36,0xf2,0x60,0x9c,0xad,0x78,0xe9,
  0xcc,0x3,0x85,0xc2,0xc,0x86,0xf,0x70,0x1,0xb,0x77,0x3c,0x1a,0x67,0x30,0xb9,
  0x98,0x1a,0xbb,0xaf,0xf6,0xf9,0xd3,0x24,0x6f,0x6f,0xbb,0x1d,0x6f,0x9e,0x5f,0xba,
  0x57,0xec,0x0,0xd8,0x6e,0x29,0xcc,0x6a,0x8c,0x25,0x10,0x46,0x0,0xd8,0x18,0x9e,
  0x35,0x10,0xd8,0x47,0xb2,0xf3,0x93,0xec,0x36,0x39,0xe8,0xe7,0x23,0x10,0xb0,0x40,
  0x3d,0x95,0x44,0xa,0xa5,0x1f,0xe1,0x0,0xb7,0xa7,0x5c,0x7d,0x76,0x1d,0xf6,0x8f,
  0x4d,0x22,0xde,0x67,0x89,0x6e,0xab,0x5c,0x19,0x95,0x57,0x6d,0x59,0xe6,0x5e,0xa9,
  0x16,0x4,0xad,0x5e,0xe1,0x81,0x5f,0x30,0x79,0x7c,0xb8,0x36,0x0,0xdf,0xc4,0xd6,
  0x8f,0x86,0x23,0xcc,0xdc,0x64,0xe7,0xd2,0xe2,0xb,0x9d,0x92,0xfb,0x7b,0xb9,0x6c,
  0x5f,0xe4,0xff,0x4,0xb,0x16,0xe7,0x3f,0x51,0xaa,0x4a,0xab,0x10,0x22,0xfd,0x7c,
  0x7,0xd7,0xe9,0xa0,0x2d,0x58,0xec,0x7c,0x79,0xb0,0x12,0x39,0x85,0x16,0x11,0x83,
  0xdd,0x7b,0x19,0xb,0xb,0xd9,0x28,0x0,0xd8,0xd8,0x75,0x2f,0xa2,0xd2,0x71,0xb,
  0xb5,0xe2,0x69,0x28,0x0,0x69,0xd,0x5c,0xa1,0x71,0x7,0x79,0xd7,0x78,0x1e,0xed,
  0xf1,0x5b,0x3e,0x2e,0xc1,0xb9,0xbe,0xb0,0xee,0xf7,0x72,0xfb,0x1,0x48,0xfc,0x7,
  0xf,0x99,0x41,0xb4,0x33,0x4c,0xa5,0xdc,0x3a,0xb6,0xc5,0x8f,0x94,0xbb,0x5c,0x15,
  0x32,0x78,0xfc,0xf7,0x28,0xab,0xd3,0xb,0x3,0xe4,0xb0,0x7b,0xc8,0x2b,0xe9,0xe0,
  0xeb,0x26,0x9f,0x73,0x7f,0x84,0xad,0xb8,0x23,0x4b,0x42,0xeb,0x33,0x6,0x6c,0x80,
  0xf9,0xa4,0xb9,0x91,0x5b,0xf,0x37,0x12,0x86,0x4b,0x79,0x21,0xc7,0xde,0x57,0x6c,
  0x9b,0x77,0x6a,0x9c,0xbf,0x9d,0xd7,0x9f,0x38,0xe8,0x26,0x66,0xae,0x4d,0xb8,0x16,
  0x27,0x1f,0x31,0x7e,0x23,0xd7,0x41,0x32,0x41,0xdf,0x77,0x18,0x49,0x68,0xcc,0x32,
  0xf3,0x9e,0x87,0x4d,0x63,0xa2,0x2e,0x7d,0xf9,0x7f,0x1,0x30,0x7c,0x68,0xcc,0xe4,
  0xcc,0x33,0x34,0xa8,0x82,0x4f,0x8b,0x11,0x95,0x2c,0x20,0x60,0x1a,0x6e,0x59,0x8,
  0xfa,0x21,0xbc,0xe7,0xb4,0x75,0x60,0x59,0x33,0xab,0xe4,0xf9,0xda,0xd8,0xd0,0xae,
  0xb0,0x69,0xd0,0x39,0x3b,0x9e,0x4,0x5b,0x88,0x88,0xf9,0x23,0x1d,0x54,0x5a,0x92,
  0xe5,0x7d,0x81,0x8d,0x3a,0x9a,0xdc,0x6c,0x6b,0x4d,0x61,0x97,0x3c,0x39,0xb9,0x30,
  0x40,0x50,0x3b,0x10,0xb3,0x5,0x1f,0x19,0x1d,0x58,0x23,0x86,0xdb,0x52,0xf4,0x23,
  0x6c,0x79,0xf3,0x1c,0xc7,0x63,0xd4,0xd7,0x67,0x97,0x7,0x41,0x54,0x65,0x4e,0xd5,
  0x96,0x3f,0xef,0x6c,0xf0,0x42,0x46,0xce,0xe0,0xb9,0x6a,0xb0,0x57,0xd2,0x19,0x54,
  0xf1,0x87,0x1e,0x2e,0xd9,0x8d,0x2,0x8a,0x24,0x84,0x15,0x4b,0x3a,0xee,0x28,0xa9,
  0x78,0x77,0x2,0x18,0x40,0xc,0xcc,0xd2,0xa1,0xd9,0xcb,0xe5,0xe4,0xaa,0x1b,0xa0,
  0x1a,0xe0,0x71,0xa2,0x69,0xdf,0x93,0xf2,0xd1,0xd4,0xb0,0xcf,0xc6,0xe3,0xbe,0x44,
  0xa4,0x5,0xbf,0x4,0xe9,0xf2,0xc4,0xa4,0x3,0xf2,0x58,0x5c,0x10,0xb1,0xf3,0x24,
  0x4d,0x1b,0x51,0xf0,0x18,0x4e,0xd4,0x6c,0x32,0x0,0x92,0xdd,0xc,0x7d,0x1f,0x78,
  0x62,0x44,0xe2,0x20,0xea,0x90,0x52,0x62,0x9a,0x83,0x87,0x74,0xf,0xef,0x82,0x8f,
  0x4c,0xa3,0xa2,0xf,0x72,0x97,0x82,0xfb,0xc5,0xe2,0xd0,0xe9,0x97,0x5c,0xcc,0xfd,
  0x99,0x5,0xd8,0x61,0x7f,0x1b,0x34,0x44,0xa2,0x4e,0xdc,0x98,0x8c,0x3f,0x9e,0x3,
  0xd9,0x4d,0xe0,0xdc,0xe6,0x30,0x1,0xad,0x38,0x69,0xe,0xcf,0x34,0x7d,0x8e,0x32,
  0x45,0xda,0x8c,0x1a,0x65,0x1d,0x81,0x34,0x50,0x44,0x8e,0x84,0x5a,0xae,0xf2,0xd1,
  0x84,0xaf,0x35,0xaa,0xfe,0xf4,0x80,0xb3,0xd3,0xd7,0xfa,0x28,0xe1,0xaa,0x3d,0x4b,
  0xec,0x9b,0xb0,0xec,0x87,0x69,0x8e,0xb6,0x59,0xee,0x28,0xea,0xb3,0x9,0xa5,0xa,
  0x5b,0x92,0x87,0x95,0x48,0x49,0xc7,0x25,0x53,0x5,0x9e,0x80,0x29,0xc7,0xf7,0xe4,
  0xd8,0x5e,0x14,0xb9,0xd1,0x63,0x71,0x27,0x22,0x93,0xae,0xab,0x2f,0x30,0x59,0xf2,
  0x7,0x47,0xe6,0x8d,0x99,0x45,0x8,0xc7,0x6c,0x6f,0x87,0x91,0xee,0xb1,0x66,0xfd,
  0x7d,0x3a,0x10,0x1f,0x67,0xe2,0xc1,0xf4,0x15,0xa3,0x9e,0x45,0xba,0xaa,0xdf,0x3b,
  0xdf,0xc1,0x39,0xf5,0x2d,0xc5,0x1b,0x1e,0x6c,0x1d,0xf,0xd6,0x1e,0xc4,0x61,0xa7,
  0xe4,0x1f,0x93,0x50,0x7f,0x1b,0x8,0x58,0xad,0xee,0x6a,0x34,0x89,0x6e,0xfc,0xa8,
  0xf0,0x58,0xe,0xf4,0xce,0x35,0x1b,0xd1,0xcd,0xb0,0x97,0x9b,0xe9,0x6b,0x31,0x97,
  0x51,0xe3,0x42,0x49,0xdd,0x91,0xa5,0x8e,0xea,0x62,0x80,0x81,0xe3,0x58,0x6e,0xe,
  0x88,0xfb,0x12,0xdb,0x1e,0xb9,0xeb,0xdb,0xf0,0x5b,0x6a,0xda,0xe0,0xb7,0x20,0x9e,
  0xe5,0x23,0xcf,0x85,0xb9,0xa0,0xca,0x48,0xd1,0xbd,0xb1,0x5d,0x2b,0x49,0x2d,0xda,
  0x7,0xef,0xb7,0xb8,0x9,0x29,0x6e,0x36,0x87,0x2a,0xd1,0x75,0x20,0x81,0xcb,0x3f,
  0xa4,0xd,0x67,0x9f,0xc5,0x72,0x52,0xef,0x11,0xb0,0x88,0x81,0x8f,0x34,0x77,0x19,
  0xcc,0x40,0x4d,0x19,0xd2,0x23,0xcb,0xa8,0xe8,0xa9,0x7,0xd6,0xc4,0x3e,0xb1,0x70,
  0x72,0x5e,0x61,0x6d,0x5c,0x46,0xfa,0xa7,0x85,0x50,0x75,0x6a,0xfc,0x14,0xf9,0xcb,
  0x5e,0xf,0x9e,0xac,0x5,0xa,0x38,0x4f,0x7a,0x96,0x5c,0x57,0x0,0x80,0xd0,0xce,
  0xc4,0xfd,0xc3,0xc1,0x94,0xe3,0xb,0x86,0x2e,0x56,0x94,0x7c,0x79,0x81,0x51,0x29,
  0x8c,0x13,0xd7,0x91,0xe5,0x37,0x54,0xfd,0x46,0xf6,0x12,0xd0,0xef,0xa,0x8,0xe,
  0xc8,0x97,0x9f,0xc9,0x29,0x3b,0xde,0x88,0x6c,0xab,0x3b,0xba,0x18,0xee,0x7f,0x8a,
  0x5a,0x18,0x4a,0x4d,0x22,0x68,0x8d,0x56,0x85,0xdd,0x5b,0x64,0x2a,0x66,0x58,0x99,
  0x85,0x78,0x42,0x14,0xf2,0x1b,0x53,0xb1,0x91,0x40,0x35,0x10,0x8,0xc8,0x65,0x84,
  0xab,0x87,0xce,0xda,0xe5,0x25,0xa9,0x5d,0x41,0x80,0x4,0x6a,0x82,0x5c,0xf8,0x19,
  0x7c,0x81,0xce,0xab,0xb,0x38,0x2f,0x60,0x6a,0x46,0x94,0x54,0xe8,0x41,0xbe,0xdf,
  0x92,0xff,0xd,0xcf,0x24,0x4,0x1d,0xcf,0xc,0xc3,0xee,0xb6,0x18,0xd6,0xbe,0xba,
  0xa,0x65,0x85,0x85,0x82,0xd5,0xb7,0xe7,0xb5,0xea,0xc4,0xe5,0x25,0x54,0x9a,0xa9,
  0xe7,0xba,0x3d,0xcb,0x7b,0x69,0x89,0x54,0x91,0xee,0xaf,0xf2,0xc0,0xf9,0x80,0x6f,
  0x68,0xa9,0x3c,0x88,0x18,0x4e,0x80,0xc1,0x5f,0x8c,0x22,0x2a,0x76,0x8f,0x99,0x51,
  0x46,0xcc,0x23,0x70,0x21,0x7f,0x7,0x39,0x80,0x4c,0x59,0x72,0x8d,0xa4,0x5e,0x55,
  0xee,0x65,0x4d,0xde,0xd6,0x34,0xff,0x6f,0x47,0x6,0x85,0x1d,0x4d,0x64,0xb9,0xcd,
  0xa0,0x62,0xbb,0x4a,0x9b,0x93,0x80,0x2b,0x7f,0x21,0xc7,0x3,0xa6,0x62,0xf5,0xe,
  0x12,0x4,0x1e,0xc2,0x5d,0x57,0x4e,0x8f,0x2,0x22,0xf4,0x66,0x48,0x77,0x11,0x62,
  0x8e,0x2,0x8e,0x59,0x12,0x4,0xed,0x6c,0x24,0x1e,0xd7,0x32,0xd8,0x54,0xf5,0x57,
  0x29,0x53,0x2d,0x37,0xb,0x2,0xbe,0x8e,0x74,0x5c,0x6b,0x8e,0xbf,0x71,0xbc,0xd9,
  0x50,0x3c,0x67,0x40,0x1,0xe6,0xe7,0x13,0xf9,0x12,0x60,0x89,0x46,0x41,0x3e,0x11,
  0xe7,0x45,0xe8,0x47,0x52,0x7b,0x16,0x6d,0xa0,0x86,0xa5,0x91,0x14,0xb,0xfa,0x96,
  0xf0,0xc,0xe7,0xc8,0xc0,0xf,0x26,0x42,0x11,0x71,0xbf,0x0,0x78,0x98,0x39,0x19,
  0x86,0x40,0x41,0xdc,0x1e,0xf5,0x4c,0x28,0x6c,0xf3,0x61,0x1,0x6a,0xc1,0x2e,0x77,
  0x3d,0x20,0x74,0x7b,0x27,0xf5,0x97,0x38,0x21,0xfa,0x9b,0xe8,0x10,0x1a,0x81,0x2a,
  0xaf,0xd8,0xc3,0x61,0xab,0x5a,0xb,0xf8,0x0,0x8b,0x1a,0x8,0x15,0x70,0xd5,0x96,
  0x0,0xa0,0xb5,0xbc,0x23,0x72,0xd4,0xd3,0x25,0x60,0x7,0x9,0x3b,0xb8,0x8,0x15,
  0xd7,0x6d,0x80,0xe,0xe7,0x8c,0xce,0x95,0xe6,0xa,0x18,0x37,0x39,0xea,0x51,0x66,
  0x8c,0x8d,0x3e,0xee,0xa9,0x18,0x7d,0x94,0x1c,0x5,0xf3,0x3b,0x70,0x63,0x84,0x18,
  0xec,0x92,0x5c,0xc2,0xf8,0x6f,0x13,0xe2,0x6c,0x76,0x3f,0x92,0x94,0x6a,0x25,0xd3,
  0xb,0x3d,0x61,0x3c,0x48,0xd9,0x5a,0x83,0xb,0x7,0x63,0x66,0x97,0x29,0x2b,0xdd,
  0x5c,0x49,0x1b,
    // line_GS.glsl
  0x0,0x0,0xd,0x27,
  0x23,
  0x76,0x65,0x72,0x73,0x69,0x6f,0x6e,0x20,0x33,0x33,0x30,0xa,0xa,0x6c,0x61,0x79,
  0x6f,0x75,0x74,0x28,0x6c,0x69,0x6e,0x65,0x73,0x29,0x20,0x69,0x6e,0x3b,0xa,0xa,
  0xa,0x2f,0x2f,0x20,0x6d,0x61,0x78,0x5f,0x76,0x65,0x72,0x74,0x69,0x63,0x65,0x73,
  0x20,0x69,0x73,0x20,0x66,0x6f,0x72,0x20,0x74,0x68,0x65,0x20,0x77,0x68,0x6f,0x6c,
  0x65,0x20,0x73,0x68,0x61,0x64,0x65,0x72,0x2c,0x20,0x6e,0x6f,0x74,0x20,0x70,0x65,
  0x72,0x20,0x70,0x72,0x69,0x6d,0x69,0x74,0x69,0x76,0x65,0xa,0x2f,0x2f,0x20,0x32,
  0x20,0x65,0x6e,0x64,0x20,0x70,0x6f,0x69,0x6e,0x74,0x73,0x20,0x78,0x20,0x28,0x32,
  0x20,0x6c,0x69,0x6e,0x65,0x73,0x20,0x2b,0x20,0x36,0x78,0x33,0x20,0x74,0x72,0x69,
  0x61,0x6e,0x67,0x6c,0x65,0x20,0x76,0x65,0x72,0x74,0x69,0x63,0x65,0x73,0x29,0xa,
  0x6c,0x61,0x79,0x6f,0x75,0x74,0x28,0x74,0x72,0x69,0x61,0x6e,0x67,0x6c,0x65,0x5f,
  0x73,0x74,0x72,0x69,0x70,0x2c,0x20,0x6d,0x61,0x78,0x5f,0x76,0x65,0x72,0x74,0x69,
  0x63,0x65,0x73,0x20,0x3d,0x20,0x34,0x30,0x29,0x20,0x6f,0x75,0x74,0x3b,0xa,0xa,
  0x75,0x6e,0x69,0x66,0x6f,0x72,0x6d,0x20,0x6d,0x61,0x74,0x34,0x20,0x70,0x76,0x6d,
  0x4d,0x61,0x74,0x72,0x69,0x78,0x3b,0xa,0x75,0x6e,0x69,0x66,0x6f,0x72,0x6d,0x20,
  0x6d,0x61,0x74,0x34,0x20,0x76,0x6d,0x4d,0x61,0x74,0x72,0x69,0x78,0x3b,0xa,0x75,
  0x6e,0x69,0x66,0x6f,0x72,0x6d,0x20,0x66,0x6c,0x6f,0x61,0x74,0x20,0x54,0x68,0x69,
  0x63,0x6b,0x6e,0x65,0x73,0x73,0x3b,0xa,0x75,0x6e,0x69,0x66,0x6f,0x72,0x6d,0x20,
  0x76,0x65,0x63,0x32,0x20,0x56,0x69,0x65,0x77,0x70,0x6f,0x72,0x74,0x3b,0xa,0xa,
  0x69,0x6e,0x20,0x76,0x65,0x63,0x34,0x20,0x56,0x74,0x78,0x43,0x6f,0x6c,0x6f,0x72,
  0x5b,0x5d,0x3b,0xa,0xa,0xa,0x6f,0x75,0x74,0x20,0x76,0x65,0x63,0x33,0x20,0x76,
  0x50,0x6f,0x73,0x69,0x74,0x69,0x6f,0x6e,0x3b,0x20,0x20,0x2f,0x2f,0x20,0x70,0x61,
  0x73,0x73,0x65,0x64,0x20,0x74,0x6f,0x20,0x74,0x68,0x65,0x20,0x66,0x72,0x61,0x67,
  0x6d,0x65,0x6e,0x74,0x20,0x73,0x68,0x61,0x64,0x65,0x72,0x20,0x66,0x6f,0x72,0x20,
  0x70,0x6c,0x61,0x6e,0x65,0x20,0x63,0x6c,0x69,0x70,0x70,0x69,0x6e,0x67,0xa,0x6f,
  0x75,0x74,0x20,0x66,0x6c,0x6f,0x61,0x74,0x20,0x74,0x65,0x78,0x43,0x6f,0x6f,0x72,
  0x64,0x3b,0x20,0x20,0x2f,0x2f,0x20,0x70,0x61,0x73,0x73,0x65,0x64,0x20,0x74,0x6f,
  0x20,0x74,0x68,0x65,0x20,0x66,0x72,0x61,0x67,0x6d,0x65,0x6e,0x74,0x20,0x73,0x68,
  0x61,0x64,0x65,0x72,0x20,0x66,0x6f,0x72,0x20,0x73,0x74,0x69,0x70,0x70,0x6c,0x65,
  0x20,0x70,0x61,0x74,0x74,0x65,0x72,0x6e,0xa,0x6f,0x75,0x74,0x20,0x76,0x65,0x63,
  0x34,0x20,0x47,0x65,0x6f,0x6d,0x43,0x6f,0x6c,0x6f,0x72,0x3b,0xa,0xa,0x76,0x6f,
  0x69,0x64,0x20,0x6d,0x61,0x69,0x6e,0x28,0x76,0x6f,0x69,0x64,0x29,0xa,0x7b,0xa,
  0x20,0x20,0x20,0x20,0x66,0x6c,0x6f,0x61,0x74,0x20,0x74,0x68,0x63,0x6b,0x20,0x3d,
  0x20,0x54,0x68,0x69,0x63,0x6b,0x6e,0x65,0x73,0x73,0x2f,0x31,0x35,0x30,0x30,0x2e,
  0x30,0x3b,0xa,0xa,0x20,0x20,0x20,0x20,0x2f,0x2f,0x64,0x65,0x6e,0x73,0x69,0x74,
  0x79,0x20,0x69,0x73,0x20,0x69,0x6e,0x64,0x65,0x70,0x65,0x6e,0x64,0x65,0x6e,0x74,
  0x20,0x6f,0x66,0x20,0x6c,0x69,0x6e,0x65,0x20,0x6f,0x72,0x69,0x65,0x6e,0x74,0x61,
  0x74,0x69,0x6f,0x6e,0xa,0x2f,0x2f,0x20,0x20,0x20,0x20,0x66,0x6c,0x6f,0x61,0x74,
  0x20,0x6d,0x61,0x78,0x5f,0x75,0x5f,0x74,0x65,0x78,0x74,0x75,0x72,0x65,0x20,0x3d,
  0x20,0x6c,0x65,0x6e,0x67,0x74,0x68,0x28,0x70,0x76,0x6d,0x4d,0x61,0x74,0x72,0x69,
  0x78,0x2a,0x28,0x67,0x6c,0x5f,0x69,0x6e,0x5b,0x31,0x5d,0x2e,0x67,0x6c,0x5f,0x50,
  0x6f,0x73,0x69,0x74,0x69,0x6f,0x6e,0x20,0x2d,0x20,0x67,0x6c,0x5f,0x69,0x6e,0x5b,
  0x30,0x5d,0x2e,0x67,0x6c,0x5f,0x50,0x6f,0x73,0x69,0x74,0x69,0x6f,0x6e,0x29,0x29,
  0x2f,0x6d,0x61,0x78,0x28,0x31,0x2c,0x54,0x68,0x69,0x63,0x6b,0x6e,0x65,0x73,0x73,
  0x29,0x3b,0xa,0xa,0x20,0x20,0x20,0x20,0x2f,0x2f,0x20,0x63,0x6f,0x6e,0x76,0x65,
  0x72,0x74,0x20,0x74,0x68,0x65,0x20,0x74,0x77,0x6f,0x20,0x65,0x6e,0x64,0x70,0x6f,
  0x69,0x6e,0x74,0x73,0x20,0x74,0x6f,0x20,0x73,0x63,0x72,0x65,0x65,0x6e,0x20,0x73,
  0x70,0x61,0x63,0x65,0xa,0x20,0x20,0x20,0x20,0x76,0x65,0x63,0x34,0x20,0x70,0x76,
  0x6d,0x5b,0x32,0x5d,0x20,0x3d,0x20,0x76,0x65,0x63,0x34,0x5b,0x5d,0x28,0x70,0x76,
  0x6d,0x4d,0x61,0x74,0x72,0x69,0x78,0x20,0x2a,0x20,0x67,0x6c,0x5f,0x69,0x6e,0x5b,
  0x30,0x5d,0x2e,0x67,0x6c,0x5f,0x50,0x6f,0x73,0x69,0x74,0x69,0x6f,0x6e,0x2c,0x20,
  0x70,0x76,0x6d,0x4d,0x61,0x74,0x72,0x69,0x78,0x20,0x2a,0x20,0x67,0x6c,0x5f,0x69,
  0x6e,0x5b,0x31,0x5d,0x2e,0x67,0x6c,0x5f,0x50,0x6f,0x73,0x69,0x74,0x69,0x6f,0x6e,
  0x29,0x3b,0xa,0xa,0x20,0x20,0x20,0x20,0x76,0x65,0x63,0x32,0x20,0x76,0x5b,0x32,
  0x5d,0x3b,0xa,0x20,0x20,0x20,0x20,0x76,0x5b,0x30,0x5d,0x20,0x3d,0x20,0x76,0x65,
  0x63,0x32,0x28,0x70,0x76,0x6d,0x5b,0x30,0x5d,0x2e,0x78,0x79,0x2f,0x70,0x76,0x6d,
  0x5b,0x30,0x5d,0x2e,0x77,0x29,0x20,0x2a,0x20,0x56,0x69,0x65,0x77,0x70,0x6f,0x72,
  0x74,0x3b,0xa,0x20,0x20,0x20,0x20,0x76,0x5b,0x31,0x5d,0x20,0x3d,0x20,0x76,0x65,
  0x63,0x32,0x28,0x70,0x76,0x6d,0x5b,0x31,0x5d,0x2e,0x78,0x79,0x2f,0x70,0x76,0x6d,
  0x5b,0x31,0x5d,0x2e,0x77,0x29,0x20,0x2a,0x20,0x56,0x69,0x65,0x77,0x70,0x6f,0x72,
  0x74,0x3b,0xa,0xa,0x20,0x20,0x20,0x20,0x2f,0x2f,0x20,0x74,0x6f,0x20,0x61,0x63,
  0x68,0x69,0x65,0x76,0x65,0x20,0x75,0x6e,0x69,0x66,0x6f,0x72,0x6d,0x20,0x70,0x61,
  0x74,0x74,0x65,0x72,0x6e,0x20,0x64,0x65,0x6e,0x73,0x69,0x74,0x79,0x20,0x77,0x68,
  0x61,0x74,0x65,0x76,0x65,0x72,0x20,0x74,0x68,0x65,0x20,0x6c,0x69,0x6e,0x65,0x20,
  0x6f,0x72,0x69,0x65,0x6e,0x74,0x61,0x74,0x69,0x6f,0x6e,0x20,0x61,0x6e,0x64,0x20,
  0x74,0x68,0x65,0x20,0x76,0x69,0x65,0x77,0x20,0x6f,0x72,0x69,0x65,0x6e,0x74,0x61,
  0x74,0x69,0x6f,0x6e,0xa,0x20,0x20,0x20,0x20,0x2f,0x2f,0x20,0x74,0x68,0x65,0x20,
  0x75,0x70,0x70,0x65,0x72,0x20,0x74,0x65,0x78,0x74,0x75,0x72,0x65,0x20,0x63,0x6f,
  0x6f,0x72,0x64,0x69,0x6e,0x61,0x74,0x65,0x20,0x69,0x73,0x20,0x6d,0x61,0x64,0x65,
  0x20,0x70,0x72,0x6f,0x70,0x6f,0x72,0x74,0x69,0x6f,0x6e,0x61,0x6c,0x20,0x74,0x6f,
  0x20,0x74,0x68,0x65,0x20,0x70,0x72,0x6f,0x6a,0x65,0x63,0x74,0x65,0x64,0x20,0x6c,
  0x69,0x6e,0x65,0x27,0x73,0x20,0x6c,0x65,0x6e,0x67,0x74,0x68,0xa,0x20,0x20,0x20,
  0x20,0x66,0x6c,0x6f,0x61,0x74,0x20,0x74,0x65,0x78,0x74,0x75,0x72,0x65,0x5b,0x5d,
  0x20,0x3d,0x20,0x66,0x6c,0x6f,0x61,0x74,0x5b,0x5d,0x28,0x30,0x2c,0x20,0x6c,0x65,
  0x6e,0x67,0x74,0x68,0x28,0x76,0x5b,0x31,0x5d,0x20,0x2d,0x20,0x76,0x5b,0x30,0x5d,
  0x29,0x29,0x3b,0xa,0xa,0xa,0x20,0x20,0x20,0x20,0x76,0x65,0x63,0x32,0x20,0x75,
  0x3d,0x20,0x6e,0x6f,0x72,0x6d,0x61,0x6c,0x69,0x7a,0x65,0x28,0x76,0x5b,0x31,0x5d,
  0x2d,0x76,0x5b,0x30,0x5d,0x29,0x3b,0xa,0x20,0x20,0x20,0x20,0x76,0x65,0x63,0x32,
  0x20,0x6e,0x3d,0x20,0x76,0x65,0x63,0x32,0x28,0x2d,0x75,0x2e,0x79,0x2c,0x75,0x2e,
  0x78,0x29,0x3b,0xa,0xa,0x20,0x20,0x20,0x20,0x66,0x6f,0x72,0x28,0x69,0x6e,0x74,
  0x20,0x69,0x3d,0x30,0x3b,0x20,0x69,0x3c,0x32,0x3b,0x20,0x69,0x2b,0x2b,0x29,0xa,
  0x20,0x20,0x20,0x20,0x7b,0xa,0x20,0x20,0x20,0x20,0x20,0x20,0x20,0x20,0x76,0x65,
  0x63,0x34,0x20,0x76,0x73,0x50,0x6f,0x73,0x20,0x3d,0x20,0x76,0x6d,0x4d,0x61,0x74,
  0x72,0x69,0x78,0x20,0x2a,0x20,0x67,0x6c,0x5f,0x69,0x6e,0x5b,0x69,0x5d,0x2e,0x67,
  0x6c,0x5f,0x50,0x6f,0x73,0x69,0x74,0x69,0x6f,0x6e,0x3b,0xa,0x20,0x20,0x20,0x20,
  0x20,0x20,0x20,0x20,0x2f,0x2f,0x20,0x4c,0x69,0x6e,0x65,0x20,0x53,0x74,0x61,0x72,
  0x74,0xa,0x20,0x20,0x20,0x20,0x20,0x20,0x20,0x20,0x67,0x6c,0x5f,0x50,0x6f,0x73,
  0x69,0x74,0x69,0x6f,0x6e,0x20,0x3d,0x20,0x76,0x65,0x63,0x34,0x28,0x28,0x76,0x5b,
  0x69,0x5d,0x2d,0x6e,0x2a,0x74,0x68,0x63,0x6b,0x29,0x2f,0x56,0x69,0x65,0x77,0x70,
  0x6f,0x72,0x74,0x2c,0x20,0x70,0x76,0x6d,0x5b,0x69,0x5d,0x2e,0x7a,0x2f,0x70,0x76,
  0x6d,0x5b,0x69,0x5d,0x2e,0x77,0x2c,0x20,0x31,0x2e,0x30,0x29,0x3b,0xa,0x20,0x20,
  0x20,0x20,0x20,0x20,0x20,0x20,0x76,0x50,0x6f,0x73,0x69,0x74,0x69,0x6f,0x6e,0x20,
  0x3d,0x20,0x76,0x73,0x50,0x6f,0x73,0x2e,0x78,0x79,0x7a,0x20,0x2f,0x20,0x76,0x73,
  0x50,0x6f,0x73,0x2e,0x77,0x3b,0xa,0x20,0x20,0x20,0x20,0x20,0x20,0x20,0x20,0x74,
  0x65,0x78,0x43,0x6f,0x6f,0x72,0x64,0x20,0x3d,0x20,0x74,0x65,0x78,0x74,0x75,0x72,
  0x65,0x5b,0x69,0x5d,0x3b,0xa,0x20,0x20,0x20,0x20,0x20,0x20,0x20,0x20,0x47,0x65,
  0x6f,0x6d,0x43,0x6f,0x6c,0x6f,0x72,0x20,0x3d,0x20,0x56,0x74,0x78,0x43,0x6f,0x6c,
  0x6f,0x72,0x5b,0x69,0x5d,0x3b,0xa,0x20,0x20,0x20,0x20,0x20,0x20,0x20,0x20,0x45,
  0x6d,0x69,0x74,0x56,0x65,0x72,0x74,0x65,0x78,0x28,0x29,0x3b,0xa,0xa,0x20,0x20,
  0x20,0x20,0x20,0x20,0x20,0x20,0x67,0x6c,0x5f,0x50,0x6f,0x73,0x69,0x74,0x69,0x6f,
  0x6e,0x20,0x3d,0x20,0x76,0x65,0x63,0x34,0x28,0x28,0x76,0x5b,0x69,0x5d,0x2b,0x6e,
  0x2a,0x74,0x68,0x63,0x6b,0x29,0x2f,0x56,0x69,0x65,0x77,0x70,0x6f,0x72,0x74,0x2c,
  0x20,0x70,0x76,0x6d,0x5b,0x69,0x5d,0x2e,0x7a,0x2f,0x70,0x76,0x6d,0x5b,0x69,0x5d,
  0x2e,0x77,0x2c,0x20,0x31,0x2e,0x30,0x29,0x3b,0xa,0x20,0x20,0x20,0x20,0x20,0x20,
  0x20,0x20,0x76,0x50,0x6f,0x73,0x69,0x74,0x69,0x6f,0x6e,0x20,0x3d,0x20,0x76,0x73,
  0x50,0x6f,0x73,0x2e,0x78,0x79,0x7a,0x20,0x2f,0x20,0x76,0x73,0x50,0x6f,0x73,0x2e,
  0x77,0x3b,0xa,0x20,0x20,0x20,0x20,0x20,0x20,0x20,0x20,0x74,0x65,0x78,0x43,0x6f,
  0x6f,0x72,0x64,0x20,0x3d,0x20,0x74,0x65,0x78,0x74,0x75,0x72,0x65,0x5b,0x69,0x5d,
  0x3b,0xa,0x20,0x20,0x20,0x20,0x20,0x20,0x20,0x20,0x47,0x65,0x6f,0x6d,0x43,0x6f,
  0x6c,0x6f,0x72,0x20,0x3d,0x20,0x56,0x74,0x78,0x43,0x6f,0x6c,0x6f,0x72,0x5b,0x69,
  0x5d,0x3b,0xa,0x20,0x20,0x20,0x20,0x20,0x20,0x20,0x20,0x45,0x6d,0x69,0x74,0x56,
  0x65,0x72,0x74,0x65,0x78,0x28,0x29,0x3b,0xa,0xa,0x20,0x20,0x20,0x20,0x7d,0xa,
  0xa,0x20,0x20,0x20,0x20,0x45,0x6e,0x64,0x50,0x72,0x69,0x6d,0x69,0x74,0x69,0x76,
  0x65,0x28,0x29,0x3b,0x2f,0x2f,0x20,0x64,0x6f,0x6e,0x65,0xa,0xa,0xa,0x20,0x20,
  0x20,0x20,0x2f,0x2f,0x20,0x6d,0x61,0x6b,0x65,0x20,0x74,0x77,0x6f,0x20,0x74,0x72,
  0x69,0x61,0x6e,0x67,0x6c,0x65,0x20,0x66,0x61,0x6e,0x73,0x20,0x61,0x74,0x20,0x65,
  0x61,0x63,0x68,0x20,0x65,0x6e,0x64,0x20,0x70,0x6f,0x69,0x6e,0x74,0xa,0x20,0x20,
  0x20,0x20,0x2f,0x2f,0x20,0x67,0x6f,0x61,0x6c,0x20,0x69,0x73,0x20,0x64,0x6f,0x75,
  0x62,0x6c,0x65,0x3a,0xa,0x20,0x20,0x20,0x20,0x2f,0x2f,0x20,0x20,0x20,0x2d,0x20,
  0x69,0x66,0x20,0x65,0x6e,0x64,0x70,0x6f,0x69,0x6e,0x74,0x73,0x20,0x61,0x72,0x65,
  0x20,0x61,0x74,0x20,0x74,0x68,0x65,0x20,0x73,0x61,0x6d,0x65,0x20,0x70,0x6f,0x73,
  0x69,0x74,0x69,0x6f,0x6e,0x2c,0x20,0x74,0x68,0x69,0x73,0x20,0x77,0x69,0x6c,0x6c,
  0x20,0x64,0x69,0x73,0x70,0x6c,0x61,0x79,0x20,0x61,0x6e,0x20,0x68,0x65,0x78,0x61,
  0x67,0x6f,0x6e,0xa,0x20,0x20,0x20,0x20,0x2f,0x2f,0x20,0x20,0x20,0x2d,0x20,0x61,
  0x76,0x6f,0x69,0x64,0x20,0x67,0x61,0x70,0x73,0x20,0x61,0x74,0x20,0x65,0x6e,0x64,
  0x70,0x6f,0x69,0x6e,0x74,0x73,0x20,0x77,0x68,0x65,0x6e,0x20,0x63,0x6f,0x6e,0x6e,
  0x65,0x63,0x74,0x69,0x6e,0x67,0x20,0x6c,0x69,0x6e,0x65,0x73,0xa,0x20,0x20,0x20,
  0x20,0x2f,0x2f,0x20,0x67,0x6c,0x73,0x6c,0x20,0x64,0x6f,0x65,0x73,0x20,0x6e,0x6f,
  0x74,0x20,0x61,0x63,0x63,0x65,0x70,0x74,0x20,0x74,0x72,0x69,0x61,0x6e,0x67,0x6c,
  0x65,0x20,0x66,0x61,0x6e,0x73,0x2c,0x20,0x73,0x6f,0x20,0x6d,0x61,0x6b,0x65,0x20,
  0x36,0x20,0x74,0x72,0x69,0x61,0x6e,0x67,0x6c,0x65,0x73,0x20,0x69,0x6e,0x73,0x74,
  0x65,0x61,0x64,0xa,0xa,0x2f,0x2a,0x20,0x20,0x20,0x20,0x66,0x6f,0x72,0x28,0x69,
  0x6e,0x74,0x20,0x69,0x3d,0x30,0x3b,0x20,0x69,0x3c,0x30,0x3b,0x20,0x69,0x2b,0x2b,
  0x29,0xa,0x20,0x20,0x20,0x20,0x7b,0xa,0x20,0x20,0x20,0x20,0x20,0x20,0x20,0x20,
  0x76,0x65,0x63,0x34,0x20,0x76,0x73,0x50,0x6f,0x73,0x20,0x3d,0x20,0x76,0x6d,0x4d,
  0x61,0x74,0x72,0x69,0x78,0x20,0x2a,0x20,0x67,0x6c,0x5f,0x69,0x6e,0x5b,0x69,0x5d,
  0x2e,0x67,0x6c,0x5f,0x50,0x6f,0x73,0x69,0x74,0x69,0x6f,0x6e,0x3b,0xa,0x20,0x20,
  0x20,0x20,0x20,0x20,0x20,0x20,0x66,0x6f,0x72,0x28,0x69,0x6e,0x74,0x20,0x6a,0x3d,
  0x30,0x3b,0x20,0x6a,0x3c,0x36,0x3b,0x20,0x6a,0x2b,0x2b,0x29,0xa,0x20,0x20,0x20,
  0x20,0x20,0x20,0x20,0x20,0x7b,0xa,0x20,0x20,0x20,0x20,0x20,0x20,0x20,0x20,0x20,
  0x20,0x20,0x20,0x66,0x6c,0x6f,0x61,0x74,0x20,0x74,0x68,0x65,0x74,0x61,0x5f,0x6a,
  0x20,0x3d,0x20,0x66,0x6c,0x6f,0x61,0x74,0x28,0x6a,0x29,0x2a,0x33,0x2e,0x31,0x34,
  0x31,0x36,0x2f,0x33,0x2e,0x30,0x3b,0xa,0x20,0x20,0x20,0x20,0x20,0x20,0x20,0x20,
  0x20,0x20,0x20,0x20,0x66,0x6c,0x6f,0x61,0x74,0x20,0x63,0x6f,0x73,0x74,0x5f,0x6a,
  0x20,0x3d,0x20,0x74,0x68,0x63,0x6b,0x2a,0x63,0x6f,0x73,0x28,0x74,0x68,0x65,0x74,
  0x61,0x5f,0x6a,0x29,0x3b,0xa,0x20,0x20,0x20,0x20,0x20,0x20,0x20,0x20,0x20,0x20,
  0x20,0x20,0x66,0x6c,0x6f,0x61,0x74,0x20,0x73,0x69,0x6e,0x74,0x5f,0x6a,0x20,0x3d,
  0x20,0x74,0x68,0x63,0x6b,0x2a,0x73,0x69,0x6e,0x28,0x74,0x68,0x65,0x74,0x61,0x5f,
  0x6a,0x29,0x3b,0xa,0x20,0x20,0x20,0x20,0x20,0x20,0x20,0x20,0x20,0x20,0x20,0x20,
  0x66,0x6c,0x6f,0x61,0x74,0x20,0x74,0x68,0x65,0x74,0x61,0x5f,0x6a,0x31,0x20,0x3d,
  0x20,0x66,0x6c,0x6f,0x61,0x74,0x28,0x6a,0x2b,0x31,0x29,0x2a,0x33,0x2e,0x31,0x34,
  0x31,0x36,0x2f,0x33,0x2e,0x30,0x3b,0xa,0x20,0x20,0x20,0x20,0x20,0x20,0x20,0x20,
  0x20,0x20,0x20,0x20,0x66,0x6c,0x6f,0x61,0x74,0x20,0x63,0x6f,0x73,0x74,0x5f,0x6a,
  0x31,0x20,0x3d,0x20,0x74,0x68,0x63,0x6b,0x2a,0x63,0x6f,0x73,0x28,0x74,0x68,0x65,
  0x74,0x61,0x5f,0x6a,0x31,0x29,0x3b,0xa,0x20,0x20,0x20,0x20,0x20,0x20,0x20,0x20,
  0x20,0x20,0x20,0x20,0x66,0x6c,0x6f,0x61,0x74,0x20,0x73,0x69,0x6e,0x74,0x5f,0x6a,
  0x31,0x20,0x3d,0x20,0x74,0x68,0x63,0x6b,0x2a,0x73,0x69,0x6e,0x28,0x74,0x68,0x65,
  0x74,0x61,0x5f,0x6a,0x31,0x29,0x3b,0xa,0xa,0x20,0x20,0x20,0x20,0x20,0x20,0x20,
  0x20,0x20,0x20,0x20,0x20,0x67,0x6c,0x5f,0x50,0x6f,0x73,0x69,0x74,0x69,0x6f,0x6e,
  0x20,0x3d,0x20,0x70,0x76,0x6d,0x5b,0x69,0x5d,0x3b,0x20,0x20,0x20,0x2f,0x2f,0x20,
  0x63,0x6f,0x6e,0x76,0x65,0x72,0x74,0x20,0x62,0x61,0x63,0x6b,0x20,0x32,0x64,0x20,
  0x74,0x6f,0x20,0x33,0x64,0xa,0x20,0x20,0x20,0x20,0x20,0x20,0x20,0x20,0x20,0x20,
  0x20,0x20,0x76,0x50,0x6f,0x73,0x69,0x74,0x69,0x6f,0x6e,0x20,0x3d,0x20,0x76,0x73,
  0x50,0x6f,0x73,0x2e,0x78,0x79,0x7a,0x20,0x2f,0x20,0x76,0x73,0x50,0x6f,0x73,0x2e,
  0x77,0x3b,0x20,0x20,0x20,0x20,0x20,0x20,0x20,0x20,0x20,0x20,0x2f,0x2f,0x20,0x64,
  0x65,0x70,0x74,0x68,0x20,0x70,0x6f,0x73,0x69,0x74,0x69,0x6f,0x6e,0x20,0x66,0x6f,
  0x72,0x20,0x63,0x6c,0x69,0x70,0x20,0x70,0x6c,0x61,0x6e,0x65,0xa,0x20,0x20,0x20,
  0x20,0x20,0x20,0x20,0x20,0x20,0x20,0x20,0x20,0x74,0x65,0x78,0x43,0x6f,0x6f,0x72,
  0x64,0x20,0x3d,0x20,0x74,0x65,0x78,0x74,0x75,0x72,0x65,0x5b,0x69,0x5d,0x3b,0x20,
  0x20,0x20,0x20,0x20,0x20,0x20,0x20,0x20,0x20,0x20,0x20,0x20,0x20,0x20,0x20,0x20,
  0x20,0x20,0x20,0x20,0x20,0x20,0x20,0x20,0x20,0x20,0x2f,0x2f,0x20,0x73,0x65,0x74,
  0x20,0x73,0x74,0x61,0x72,0x74,0x20,0x74,0x65,0x78,0x74,0x75,0x72,0x65,0x20,0x63,
  0x6f,0x6f,0x72,0x64,0x69,0x6e,0x61,0x74,0x65,0xa,0x20,0x20,0x20,0x20,0x20,0x20,
  0x20,0x20,0x20,0x20,0x20,0x20,0x47,0x65,0x6f,0x6d,0x43,0x6f,0x6c,0x6f,0x72,0x20,
  0x3d,0x20,0x56,0x74,0x78,0x43,0x6f,0x6c,0x6f,0x72,0x5b,0x69,0x5d,0x3b,0xa,0x20,
  0x20,0x20,0x20,0x20,0x20,0x20,0x20,0x20,0x20,0x20,0x20,0x45,0x6d,0x69,0x74,0x56,
  0x65,0x72,0x74,0x65,0x78,0x28,0x29,0x3b,0xa,0xa,0x20,0x20,0x20,0x20,0x20,0x20,
  0x20,0x20,0x20,0x20,0x20,0x20,0x67,0x6c,0x5f,0x50,0x6f,0x73,0x69,0x74,0x69,0x6f,
  0x6e,0x20,0x3d,0x20,0x70,0x76,0x6d,0x5b,0x69,0x5d,0x20,0x2b,0x20,0x76,0x65,0x63,
  0x34,0x28,0x63,0x6f,0x73,0x74,0x5f,0x6a,0x2f,0x56,0x69,0x65,0x77,0x70,0x6f,0x72,
  0x74,0x2e,0x78,0x2c,0x73,0x69,0x6e,0x74,0x5f,0x6a,0x2f,0x56,0x69,0x65,0x77,0x70,
  0x6f,0x72,0x74,0x2e,0x79,0x2c,0x30,0x2c,0x30,0x29,0x3b,0x20,0x20,0x20,0x2f,0x2f,
  0x20,0x63,0x6f,0x6e,0x76,0x65,0x72,0x74,0x20,0x62,0x61,0x63,0x6b,0x20,0x32,0x64,
  0x20,0x74,0x6f,0x20,0x33,0x64,0xa,0x20,0x20,0x20,0x20,0x20,0x20,0x20,0x20,0x20,
  0x20,0x20,0x20,0x76,0x50,0x6f,0x73,0x69,0x74,0x69,0x6f,0x6e,0x20,0x3d,0x20,0x76,
  0x73,0x50,0x6f,0x73,0x2e,0x78,0x79,0x7a,0x20,0x2f,0x20,0x76,0x73,0x50,0x6f,0x73,
  0x2e,0x77,0x3b,0xa,0x20,0x20,0x20,0x20,0x20,0x20,0x20,0x20,0x20,0x20,0x20,0x20,
  0x74,0x65,0x78,0x43,0x6f,0x6f,0x72,0x64,0x20,0x3d,0x20,0x74,0x65,0x78,0x74,0x75,
  0x72,0x65,0x5b,0x69,0x5d,0x3b,0xa,0x20,0x20,0x20,0x20,0x20,0x20,0x20,0x20,0x20,
  0x20,0x20,0x20,0x47,0x65,0x6f,0x6d,0x43,0x6f,0x6c,0x6f,0x72,0x20,0x3d,0x20,0x56,
  0x74,0x78,0x43,0x6f,0x6c,0x6f,0x72,0x5b,0x69,0x5d,0x3b,0xa,0x20,0x20,0x20,0x20,
  0x20,0x20,0x20,0x20,0x20,0x20,0x20,0x20,0x45,0x6d,0x69,0x74,0x56,0x65,0x72,0x74,
  0x65,0x78,0x28,0x29,0x3b,0xa,0xa,0x20,0x20,0x20,0x20,0x20,0x20,0x20,0x20,0x20,
  0x20,0x20,0x20,0x67,0x6c,0x5f,0x50,0x6f,0x73,0x69,0x74,0x69,0x6f,0x6e,0x20,0x3d,
  0x20,0x70,0x76,0x6d,0x5b,0x69,0x5d,0x20,0x2b,0x20,0x76,0x65,0x63,0x34,0x28,0x63,
  0x6f,0x73,0x74,0x5f,0x6a,0x31,0x2f,0x56,0x69,0x65,0x77,0x70,0x6f,0x72,0x74,0x2e,
  0x78,0x2c,0x73,0x69,0x6e,0x74,0x5f,0x6a,0x31,0x2f,0x56,0x69,0x65,0x77,0x70,0x6f,
  0x72,0x74,0x2e,0x79,0x2c,0x30,0x2c,0x30,0x29,0x3b,0x20,0x20,0x20,0x2f,0x2f,0x20,
  0x63,0x6f,0x6e,0x76,0x65,0x72,0x74,0x20,0x62,0x61,0x63,0x6b,0x20,0x32,0x64,0x20,
  0x74,0x6f,0x20,0x33,0x64,0xa,0x20,0x20,0x20,0x20,0x20,0x20,0x20,0x20,0x20,0x20,
  0x20,0x20,0x76,0x50,0x6f,0x73,0x69,0x74,0x69,0x6f,0x6e,0x20,0x3d,0x20,0x76,0x73,
  0x50,0x6f,0x73,0x2e,0x78,0x79,0x7a,0x20,0x2f,0x20,0x76,0x73,0x50,0x6f,0x73,0x2e,
  0x77,0x3b,0xa,0x20,0x20,0x20,0x20,0x20,0x20,0x20,0x20,0x20,0x20,0x20,0x20,0x74,
  0x65,0x78,0x43,0x6f,0x6f,0x72,0x64,0x20,0x3d,0x20,0x74,0x65,0x78,0x74,0x75,0x72,
  0x65,0x5b,0x69,0x5d,0x3b,0xa,0x20,0x20,0x20,0x20,0x20,0x20,0x20,0x20,0x20,0x20,
  0x20,0x20,0x47,0x65,0x6f,0x6d,0x43,0x6f,0x6c,0x6f,0x72,0x20,0x3d,0x20,0x56,0x74,
  0x78,0x43,0x6f,0x6c,0x6f,0x72,0x5b,0x69,0x5d,0x3b,0xa,0x20,0x20,0x20,0x20,0x20,
  0x20,0x20,0x20,0x20,0x20,0x20,0x20,0x45,0x6d,0x69,0x74,0x56,0x65,0x72,0x74,0x65,
  0x78,0x28,0x29,0x3b,0xa,0x20,0x20,0x20,0x20,0x20,0x20,0x20,0x20,0x7d,0xa,0x20,
  0x20,0x20,0x20,0x20,0x20,0x20,0x20,0x45,0x6e,0x64,0x50,0x72,0x69,0x6d,0x69,0x74,
  0x69,0x76,0x65,0x28,0x29,0x3b,0xa,0x20,0x20,0x20,0x20,0x7d,0x2a,0x2f,0xa,0x7d,
  0xa,0xa,0xa,0xa,0xa,0xa,
    // line_FS.glsl
  0x0,0x0,0x6,0xa,
  0x23,
  0x76,0x65,0x72,0x73,0x69,0x6f,0x6e,0x20,0x33,0x33,0x30,0xa,0xa,0x75,0x6e,0x69,
  0x66,0x6f,0x72,0x6d,0x20,0x69,0x6e,0x74,0x20,0x70,0x61,0x74,0x74,0x65,0x72,0x6e,
  0x3b,0x20,0x20,0x20,0x2f,0x2f,0x20,0x61,0x6e,0x20,0x69,0x6e,0x74,0x65,0x67,0x65,
  0x72,0x20,0x62,0x65,0x74,0x77,0x77,0x65,0x65,0x6e,0x20,0x30,0x20,0x61,0x6e,0x64,
  0x20,0x30,0x78,0x46,0x46,0x46,0x46,0x20,0x72,0x65,0x70,0x72,0x65,0x73,0x65,0x6e,
  0x74,0x69,0x6e,0x67,0x20,0x74,0x68,0x65,0x20,0x62,0x69,0x74,0x77,0x69,0x73,0x65,
  0x20,0x70,0x61,0x74,0x74,0x65,0x72,0x6e,0xa,0x75,0x6e,0x69,0x66,0x6f,0x72,0x6d,
  0x20,0x69,0x6e,0x74,0x20,0x6e,0x50,0x61,0x74,0x74,0x65,0x72,0x6e,0x73,0x3b,0x20,
  0x2f,0x2f,0x20,0x74,0x68,0x65,0x20,0x6e,0x75,0x6d,0x62,0x65,0x72,0x20,0x6f,0x66,
  0x20,0x70,0x61,0x74,0x74,0x65,0x72,0x6e,0x73,0x2f,0x75,0x6e,0x69,0x74,0x20,0x6c,
  0x65,0x6e,0x67,0x74,0x68,0x20,0x6f,0x66,0x20,0x74,0x68,0x65,0x20,0x76,0x69,0x65,
  0x77,0x70,0x6f,0x72,0x74,0x2c,0x20,0x74,0x79,0x70,0x69,0x63,0x61,0x6c,0x6c,0x79,
  0x20,0x32,0x30,0x30,0x2d,0x33,0x30,0x30,0x20,0x66,0x6f,0x72,0x20,0x67,0x6f,0x6f,
  0x64,0x20,0x70,0x61,0x74,0x74,0x65,0x72,0x6e,0x20,0x64,0x65,0x6e,0x73,0x69,0x74,
  0x79,0xa,0x75,0x6e,0x69,0x66,0x6f,0x72,0x6d,0x20,0x66,0x6c,0x6f,0x61,0x74,0x20,
  0x63,0x6c,0x69,0x70,0x50,0x6c,0x61,0x6e,0x65,0x30,0x3b,0x20,0x2f,0x2f,0x20,0x64,
  0x65,0x66,0x69,0x6e,0x65,0x64,0x20,0x69,0x6e,0x20,0x76,0x69,0x65,0x77,0x2d,0x73,
  0x70,0x61,0x63,0x65,0xa,0x75,0x6e,0x69,0x66,0x6f,0x72,0x6d,0x20,0x69,0x6e,0x74,
  0x20,0x48,0x61,0x73,0x55,0x6e,0x69,0x43,0x6f,0x6c,0x6f,0x72,0x20,0x3d,0x20,0x31,
  0x3b,0xa,0x75,0x6e,0x69,0x66,0x6f,0x72,0x6d,0x20,0x76,0x65,0x63,0x34,0x20,0x55,
  0x6e,0x69,0x66,0x6f,0x72,0x6d,0x43,0x6f,0x6c,0x6f,0x72,0x3b,0xa,0xa,0x69,0x6e,
  0x20,0x66,0x6c,0x6f,0x61,0x74,0x20,0x74,0x65,0x78,0x43,0x6f,0x6f,0x72,0x64,0x3b,
  0xa,0x69,0x6e,0x20,0x76,0x65,0x63,0x33,0x20,0x76,0x50,0x6f,0x73,0x69,0x74,0x69,
  0x6f,0x6e,0x3b,0xa,0x69,0x6e,0x20,0x76,0x65,0x63,0x34,0x20,0x47,0x65,0x6f,0x6d,
  0x43,0x6f,0x6c,0x6f,0x72,0x3b,0xa,0xa,0x6c,0x61,0x79,0x6f,0x75,0x74,0x28,0x6c,
  0x6f,0x63,0x61,0x74,0x69,0x6f,0x6e,0x3d,0x30,0x29,0x20,0x6f,0x75,0x74,0x20,0x76,
  0x65,0x63,0x34,0x20,0x66,0x72,0x61,0x67,0x43,0x6f,0x6c,0x6f,0x72,0x3b,0xa,0xa,
  0xa,0x76,0x6f,0x69,0x64,0x20,0x6d,0x61,0x69,0x6e,0x28,0x76,0x6f,0x69,0x64,0x29,
  0xa,0x7b,0xa,0x20,0x20,0x20,0x20,0x69,0x66,0x20,0x28,0x76,0x50,0x6f,0x73,0x69,
  0x74,0x69,0x6f,0x6e,0x2e,0x7a,0x20,0x3e,0x20,0x63,0x6c,0x69,0x70,0x50,0x6c,0x61,
  0x6e,0x65,0x30,0x29,0x20,0x7b,0xa,0x20,0x20,0x20,0x20,0x20,0x20,0x20,0x20,0x64,
  0x69,0x73,0x63,0x61,0x72,0x64,0x3b,0xa,0x20,0x20,0x20,0x20,0x20,0x20,0x20,0x20,
  0x72,0x65,0x74,0x75,0x72,0x6e,0x3b,0xa,0x20,0x20,0x20,0x20,0x7d,0xa,0xa,0x20,
  0x20,0x20,0x20,0x2f,0x2f,0x20,0x75,0x73,0x65,0x20,0x34,0x20,0x62,0x79,0x74,0x65,
  0x73,0x20,0x66,0x6f,0x72,0x20,0x74,0x68,0x65,0x20,0x6d,0x61,0x73,0x6b,0x69,0x6e,
  0x67,0x20,0x70,0x61,0x74,0x74,0x65,0x72,0x6e,0xa,0x20,0x20,0x20,0x20,0x2f,0x2f,
  0x20,0x6d,0x61,0x70,0x20,0x74,0x68,0x65,0x20,0x74,0x65,0x78,0x74,0x75,0x72,0x65,
  0x20,0x63,0x6f,0x6f,0x72,0x64,0x69,0x6e,0x61,0x74,0x65,0x20,0x74,0x6f,0x20,0x74,
  0x68,0x65,0x20,0x69,0x6e,0x74,0x65,0x72,0x76,0x61,0x6c,0x20,0x5b,0x30,0x2c,0x32,
  0x2a,0x38,0x5b,0xa,0x20,0x20,0x20,0x20,0x75,0x69,0x6e,0x74,0x20,0x62,0x69,0x74,
  0x70,0x6f,0x73,0x20,0x3d,0x20,0x75,0x69,0x6e,0x74,0x28,0x72,0x6f,0x75,0x6e,0x64,
  0x28,0x74,0x65,0x78,0x43,0x6f,0x6f,0x72,0x64,0x20,0x2a,0x20,0x6e,0x50,0x61,0x74,
  0x74,0x65,0x72,0x6e,0x73,0x29,0x29,0x20,0x25,0x20,0x31,0x36,0x55,0x3b,0xa,0x20,
  0x20,0x20,0x20,0x2f,0x2f,0x20,0x6d,0x6f,0x76,0x65,0x20,0x61,0x20,0x75,0x6e,0x69,
  0x74,0x20,0x62,0x69,0x74,0x20,0x31,0x55,0x20,0x74,0x6f,0x20,0x70,0x6f,0x73,0x69,
  0x74,0x69,0x6f,0x6e,0x20,0x62,0x69,0x74,0x70,0x6f,0x73,0x20,0x73,0x6f,0x20,0x74,
  0x68,0x61,0x74,0xa,0x20,0x20,0x20,0x20,0x2f,0x2f,0x20,0x62,0x69,0x74,0x20,0x69,
  0x73,0x20,0x61,0x6e,0x20,0x69,0x6e,0x74,0x65,0x67,0x65,0x72,0x20,0x62,0x65,0x74,
  0x77,0x65,0x65,0x6e,0x20,0x31,0x20,0x61,0x6e,0x64,0x20,0x31,0x30,0x30,0x30,0x20,
  0x30,0x30,0x30,0x30,0x20,0x30,0x30,0x30,0x30,0x20,0x30,0x30,0x30,0x30,0x20,0x3d,
  0x20,0x30,0x78,0x38,0x30,0x30,0x30,0xa,0x20,0x20,0x20,0x20,0x75,0x69,0x6e,0x74,
  0x20,0x62,0x69,0x74,0x20,0x3d,0x20,0x28,0x31,0x55,0x20,0x3c,0x3c,0x20,0x62,0x69,
  0x74,0x70,0x6f,0x73,0x29,0x3b,0xa,0xa,0x20,0x20,0x20,0x20,0x2f,0x2f,0x20,0x74,
  0x65,0x73,0x74,0x20,0x74,0x68,0x65,0x20,0x62,0x69,0x74,0x20,0x61,0x67,0x61,0x69,
  0x6e,0x73,0x74,0x20,0x74,0x68,0x65,0x20,0x6d,0x61,0x73,0x6b,0x69,0x6e,0x67,0x20,
  0x70,0x61,0x74,0x74,0x65,0x72,0x6e,0xa,0x20,0x20,0x20,0x20,0x2f,0x2f,0x20,0x65,
  0x78,0x61,0x6d,0x70,0x6c,0x65,0x3a,0x20,0x20,0x20,0x75,0x70,0x20,0x3d,0x20,0x30,
  0x78,0x46,0x46,0x46,0x46,0xa,0x20,0x20,0x20,0x20,0x2f,0x2f,0x20,0x20,0x4c,0x69,
  0x6e,0x65,0x3a,0x3a,0x53,0x4f,0x4c,0x49,0x44,0x3a,0x20,0x20,0x20,0x20,0x20,0x20,
  0x20,0x70,0x61,0x74,0x74,0x65,0x72,0x6e,0x20,0x3d,0x20,0x30,0x78,0x46,0x46,0x46,
  0x46,0x3b,0x20,0x20,0x2f,0x2f,0x20,0x3d,0x20,0x31,0x31,0x31,0x31,0x20,0x31,0x31,
  0x31,0x31,0x20,0x31,0x31,0x31,0x31,0x20,0x31,0x31,0x31,0x31,0x20,0x3d,0x20,0x73,
  0x6f,0x6c,0x69,0x64,0x20,0x70,0x61,0x74,0x74,0x65,0x72,0x6e,0xa,0x20,0x20,0x20,
  0x20,0x2f,0x2f,0x20,0x20,0x4c,0x69,0x6e,0x65,0x3a,0x3a,0x44,0x41,0x53,0x48,0x3a,
  0x20,0x20,0x20,0x20,0x20,0x20,0x20,0x20,0x70,0x61,0x74,0x74,0x65,0x72,0x6e,0x20,
  0x3d,0x20,0x30,0x78,0x33,0x46,0x33,0x46,0x3b,0x20,0x20,0x2f,0x2f,0x20,0x3d,0x20,
  0x30,0x30,0x31,0x31,0x20,0x31,0x31,0x31,0x31,0x20,0x30,0x30,0x31,0x31,0x20,0x31,
  0x31,0x31,0x31,0xa,0x20,0x20,0x20,0x20,0x2f,0x2f,0x20,0x20,0x4c,0x69,0x6e,0x65,
  0x3a,0x3a,0x44,0x4f,0x54,0x3a,0x20,0x20,0x20,0x20,0x20,0x20,0x20,0x20,0x20,0x70,
  0x61,0x74,0x74,0x65,0x72,0x6e,0x20,0x3d,0x20,0x30,0x78,0x36,0x36,0x36,0x36,0x3b,
  0x20,0x20,0x2f,0x2f,0x20,0x3d,0x20,0x30,0x31,0x31,0x30,0x20,0x30,0x31,0x31,0x30,
  0x20,0x30,0x31,0x31,0x30,0x20,0x30,0x31,0x31,0x30,0xa,0x20,0x20,0x20,0x20,0x2f,
  0x2f,0x20,0x20,0x4c,0x69,0x6e,0x65,0x3a,0x3a,0x44,0x41,0x53,0x48,0x44,0x4f,0x54,
  0x3a,0x20,0x20,0x20,0x20,0x20,0x70,0x61,0x74,0x74,0x65,0x72,0x6e,0x20,0x3d,0x20,
  0x30,0x78,0x46,0x46,0x31,0x38,0x3b,0x20,0x20,0x2f,0x2f,0x20,0x3d,0x20,0x31,0x31,
  0x31,0x31,0x20,0x31,0x31,0x31,0x31,0x20,0x30,0x30,0x30,0x31,0x20,0x31,0x30,0x30,
  0x30,0xa,0x20,0x20,0x20,0x20,0x2f,0x2f,0x20,0x20,0x4c,0x69,0x6e,0x65,0x3a,0x3a,
  0x44,0x41,0x53,0x48,0x44,0x4f,0x54,0x44,0x4f,0x54,0x3a,0x20,0x20,0x70,0x61,0x74,
  0x74,0x65,0x72,0x6e,0x20,0x3d,0x20,0x30,0x78,0x37,0x45,0x36,0x36,0x3b,0x20,0x20,
  0x2f,0x2f,0x20,0x3d,0x20,0x30,0x31,0x31,0x31,0x20,0x31,0x31,0x31,0x30,0x20,0x30,
  0x31,0x31,0x30,0x20,0x30,0x31,0x31,0x30,0xa,0x20,0x20,0x20,0x20,0x75,0x69,0x6e,
  0x74,0x20,0x75,0x70,0x20,0x3d,0x20,0x75,0x69,0x6e,0x74,0x28,0x70,0x61,0x74,0x74,
  0x65,0x72,0x6e,0x29,0x3b,0xa,0xa,0x20,0x20,0x20,0x20,0x2f,0x2f,0x20,0x64,0x69,
  0x73,0x63,0x61,0x72,0x64,0x20,0x74,0x68,0x65,0x20,0x62,0x69,0x74,0x20,0x69,0x66,
  0x20,0x69,0x74,0x20,0x64,0x6f,0x65,0x73,0x6e,0x27,0x74,0x20,0x6d,0x61,0x74,0x63,
  0x68,0x20,0x74,0x68,0x65,0x20,0x6d,0x61,0x73,0x6b,0x69,0x6e,0x67,0x20,0x70,0x61,
  0x74,0x74,0x65,0x72,0x6e,0xa,0x20,0x20,0x20,0x20,0x69,0x66,0x20,0x28,0x28,0x75,
  0x70,0x20,0x26,0x20,0x62,0x69,0x74,0x29,0x20,0x3d,0x3d,0x20,0x30,0x55,0x29,0x20,
  0x64,0x69,0x73,0x63,0x61,0x72,0x64,0x3b,0xa,0xa,0x20,0x20,0x20,0x20,0x69,0x66,
  0x28,0x48,0x61,0x73,0x55,0x6e,0x69,0x43,0x6f,0x6c,0x6f,0x72,0x3d,0x3d,0x31,0x29,
  0xa,0x20,0x20,0x20,0x20,0x20,0x20,0x20,0x20,0x66,0x72,0x61,0x67,0x43,0x6f,0x6c,
  0x6f,0x72,0x20,0x3d,0x20,0x55,0x6e,0x69,0x66,0x6f,0x72,0x6d,0x43,0x6f,0x6c,0x6f,
  0x72,0x3b,0xa,0x20,0x20,0x20,0x20,0x65,0x6c,0x73,0x65,0xa,0x20,0x20,0x20,0x20,
  0x20,0x20,0x20,0x20,0x66,0x72,0x61,0x67,0x43,0x6f,0x6c,0x6f,0x72,0x20,0x3d,0x20,
  0x47,0x65,0x6f,0x6d,0x43,0x6f,0x6c,0x6f,0x72,0x3b,0x20,0x2f,0x2f,0x20,0x66,0x72,
  0x6f,0x6d,0x20,0x74,0x68,0x65,0x20,0x47,0x65,0x6f,0x6d,0x65,0x74,0x72,0x79,0x20,
  0x53,0x68,0x61,0x64,0x65,0x72,0xa,0x7d,0xa,
    // line_VS.glsl
  0x0,0x0,0x0,0xf3,
  0x23,
  0x76,0x65,0x72,0x73,0x69,0x6f,0x6e,0x20,0x33,0x33,0x30,0xa,0xa,0x69,0x6e,0x20,
  0x76,0x65,0x63,0x34,0x20,0x76,0x65,0x72,0x74,0x65,0x78,0x50,0x6f,0x73,0x69,0x74,
  0x69,0x6f,0x6e,0x5f,0x6d,0x6f,0x64,0x65,0x6c,0x53,0x70,0x61,0x63,0x65,0x3b,0xa,
  0x69,0x6e,0x20,0x76,0x65,0x63,0x34,0x20,0x76,0x65,0x72,0x74,0x65,0x78,0x43,0x6f,
  0x6c,0x6f,0x72,0x3b,0xa,0xa,0x6f,0x75,0x74,0x20,0x76,0x65,0x63,0x34,0x20,0x56,
  0x74,0x78,0x43,0x6f,0x6c,0x6f,0x72,0x3b,0xa,0xa,0x76,0x6f,0x69,0x64,0x20,0x6d,
  0x61,0x69,0x6e,0x28,0x76,0x6f,0x69,0x64,0x29,0xa,0x7b,0xa,0x20,0x20,0x20,0x20,
  0x56,0x74,0x78,0x43,0x6f,0x6c,0x6f,0x72,0x20,0x3d,0x20,0x76,0x65,0x72,0x74,0x65,
  0x78,0x43,0x6f,0x6c,0x6f,0x72,0x3b,0xa,0x20,0x20,0x20,0x20,0x67,0x6c,0x5f,0x50,
  0x6f,0x73,0x69,0x74,0x69,0x6f,0x6e,0x20,0x3d,0x20,0x20,0x76,0x65,0x72,0x74,0x65,
  0x78,0x50,0x6f,0x73,0x69,0x74,0x69,0x6f,0x6e,0x5f,0x6d,0x6f,0x64,0x65,0x6c,0x53,
  0x70,0x61,0x63,0x65,0x3b,0x2f,0x2f,0x20,0x70,0x61,0x73,0x73,0x20,0x74,0x68,0x72,
  0x6f,0x75,0x67,0x68,0x2c,0x20,0x74,0x68,0x65,0x20,0x70,0x72,0x6f,0x63,0x65,0x73,
  0x73,0x69,0x6e,0x67,0x20,0x69,0x73,0x20,0x64,0x6f,0x6e,0x65,0x20,0x69,0x6e,0x20,
  0x74,0x68,0x65,0x20,0x67,0x65,0x6f,0x6d,0x20,0x73,0x68,0x61,0x64,0x65,0x72,0xa,
  0x7d,0xa,
    // surface_VS.glsl
  0x0,0x0,0x7,0x56,
  0x2f,
  0x2a,0x2a,0x2a,0x2a,0x2a,0x2a,0x2a,0x2a,0x2a,0x2a,0x2a,0x2a,0x2a,0x2a,0x2a,0x2a,
  0x2a,0x2a,0x2a,0x2a,0x2a,0x2a,0x2a,0x2a,0x2a,0x2a,0x2a,0x2a,0x2a,0x2a,0x2a,0x2a,
  0x2a,0x2a,0x2a,0x2a,0x2a,0x2a,0x2a,0x2a,0x2a,0x2a,0x2a,0x2a,0x2a,0x2a,0x2a,0x2a,
  0x2a,0x2a,0x2a,0x2a,0x2a,0x2a,0x2a,0x2a,0x2a,0x2a,0x2a,0x2a,0x2a,0x2a,0x2a,0x2a,
  0x2a,0x2a,0x2a,0x2a,0x2a,0x2a,0x2a,0x2a,0x2a,0x2a,0x2a,0x2a,0xd,0xa,0xd,0xa,
  0x20,0x20,0x20,0x20,0x66,0x6c,0x6f,0x77,0x35,0x20,0x61,0x70,0x70,0x6c,0x69,0x63,
  0x61,0x74,0x69,0x6f,0x6e,0xd,0xa,0x20,0x20,0x20,0x20,0x43,0x6f,0x70,0x79,0x72,
  0x69,0x67,0x68,0x74,0x20,0x28,0x43,0x29,0x20,0x32,0x30,0x32,0x35,0x20,0x41,0x6e,
  0x64,0x72,0xc3,0xa9,0x20,0x44,0x65,0x70,0x65,0x72,0x72,0x6f,0x69,0x73,0x20,0xd,
  0xa,0x20,0x20,0x20,0x20,0x41,0x6c,0x6c,0x20,0x72,0x69,0x67,0x68,0x74,0x73,0x20,
  0x72,0x65,0x73,0x65,0x72,0x76,0x65,0x64,0x2e,0xd,0xa,0xd,0xa,0x2a,0x2a,0x2a,
  0x2a,0x2a,0x2a,0x2a,0x2a,0x2a,0x2a,0x2a,0x2a,0x2a,0x2a,0x2a,0x2a,0x2a,0x2a,0x2a,
  0x2a,0x2a,0x2a,0x2a,0x2a,0x2a,0x2a,0x2a,0x2a,0x2a,0x2a,0x2a,0x2a,0x2a,0x2a,0x2a,
  0x2a,0x2a,0x2a,0x2a,0x2a,0x2a,0x2a,0x2a,0x2a,0x2a,0x2a,0x2a,0x2a,0x2a,0x2a,0x2a,
  0x2a,0x2a,0x2a,0x2a,0x2a,0x2a,0x2a,0x2a,0x2a,0x2a,0x2a,0x2a,0x2a,0x2a,0x2a,0x2a,
  0x2a,0x2a,0x2a,0x2a,0x2a,0x2a,0x2a,0x2a,0x2a,0x2a,0x2f,0xd,0xa,0xd,0xa,0x23,
  0x76,0x65,0x72,0x73,0x69,0x6f,0x6e,0x20,0x33,0x33,0x30,0xd,0xa,0x2f,0x2f,0x20,
  0x54,0x68,0x65,0x20,0x73,0x75,0x72,0x66,0x61,0x63,0x65,0x20,0x76,0x65,0x72,0x74,
  0x65,0x78,0x20,0x73,0x68,0x61,0x64,0x65,0x72,0xd,0xa,0xd,0xa,0x69,0x6e,0x20,
  0x76,0x65,0x63,0x34,0x20,0x76,0x65,0x72,0x74,0x65,0x78,0x50,0x6f,0x73,0x69,0x74,
  0x69,0x6f,0x6e,0x5f,0x6d,0x6f,0x64,0x65,0x6c,0x53,0x70,0x61,0x63,0x65,0x3b,0xd,
  0xa,0x69,0x6e,0x20,0x76,0x65,0x63,0x33,0x20,0x76,0x65,0x72,0x74,0x65,0x78,0x4e,
  0x6f,0x72,0x6d,0x61,0x6c,0x5f,0x6d,0x6f,0x64,0x65,0x6c,0x53,0x70,0x61,0x63,0x65,
  0x3b,0xd,0xa,0x69,0x6e,0x20,0x76,0x65,0x63,0x32,0x20,0x76,0x65,0x72,0x74,0x65,
  0x78,0x55,0x56,0x3b,0xd,0xa,0x69,0x6e,0x20,0x76,0x65,0x63,0x34,0x20,0x76,0x65,
  0x72,0x74,0x65,0x78,0x43,0x6f,0x6c,0x6f,0x72,0x3b,0xd,0xa,0xd,0xa,0x69,0x6e,
  0x20,0x76,0x65,0x63,0x33,0x20,0x20,0x76,0x65,0x72,0x74,0x65,0x78,0x4f,0x66,0x66,
  0x73,0x65,0x74,0x3b,0x20,0x2f,0x2f,0x20,0x75,0x73,0x65,0x64,0x20,0x69,0x66,0x20,
  0x69,0x6e,0x73,0x74,0x61,0x6e,0x63,0x65,0x64,0xd,0xa,0xd,0xa,0x75,0x6e,0x69,
  0x66,0x6f,0x72,0x6d,0x20,0x6d,0x61,0x74,0x34,0x20,0x70,0x76,0x6d,0x4d,0x61,0x74,
  0x72,0x69,0x78,0x3b,0xd,0xa,0x75,0x6e,0x69,0x66,0x6f,0x72,0x6d,0x20,0x6d,0x61,
  0x74,0x34,0x20,0x76,0x6d,0x4d,0x61,0x74,0x72,0x69,0x78,0x3b,0xd,0xa,0x75,0x6e,
  0x69,0x66,0x6f,0x72,0x6d,0x20,0x6d,0x61,0x74,0x34,0x20,0x4c,0x69,0x67,0x68,0x74,
  0x56,0x69,0x65,0x77,0x4d,0x61,0x74,0x72,0x69,0x78,0x3b,0xd,0xa,0x75,0x6e,0x69,
  0x66,0x6f,0x72,0x6d,0x20,0x69,0x6e,0x74,0x20,0x49,0x6e,0x73,0x74,0x61,0x6e,0x63,
  0x65,0x64,0x20,0x3d,0x20,0x30,0x3b,0xd,0xa,0x75,0x6e,0x69,0x66,0x6f,0x72,0x6d,
  0x20,0x66,0x6c,0x6f,0x61,0x74,0x20,0x75,0x53,0x63,0x61,0x6c,0x65,0x3b,0x20,0x20,
  0x2f,0x2f,0x20,0x75,0x73,0x65,0x64,0x20,0x69,0x66,0x20,0x69,0x6e,0x73,0x74,0x61,
  0x6e,0x63,0x65,0x64,0xd,0xa,0xd,0xa,0x2f,0x2f,0x20,0x4f,0x75,0x74,0x70,0x75,
  0x74,0x20,0x64,0x61,0x74,0x61,0x3b,0x20,0x77,0x69,0x6c,0x6c,0x20,0x62,0x65,0x20,
  0x69,0x6e,0x74,0x65,0x72,0x70,0x6f,0x6c,0x61,0x74,0x65,0x64,0x20,0x66,0x6f,0x72,
  0x20,0x65,0x61,0x63,0x68,0x20,0x66,0x72,0x61,0x67,0x6d,0x65,0x6e,0x74,0x2e,0xd,
  0xa,0x6f,0x75,0x74,0x20,0x76,0x65,0x63,0x33,0x20,0x50,0x6f,0x73,0x69,0x74,0x69,
  0x6f,0x6e,0x5f,0x76,0x69,0x65,0x77,0x53,0x70,0x61,0x63,0x65,0x3b,0xd,0xa,0x6f,
  0x75,0x74,0x20,0x76,0x65,0x63,0x33,0x20,0x4e,0x6f,0x72,0x6d,0x61,0x6c,0x5f,0x76,
  0x69,0x65,0x77,0x53,0x70,0x61,0x63,0x65,0x3b,0xd,0xa,0x6f,0x75,0x74,0x20,0x76,
  0x65,0x63,0x32,0x20,0x55,0x56,0x3b,0xd,0xa,0x6f,0x75,0x74,0x20,0x76,0x65,0x63,
  0x34,0x20,0x46,0x72,0x61,0x67,0x50,0x6f,0x73,0x4c,0x69,0x67,0x68,0x74,0x53,0x70,
  0x61,0x63,0x65,0x3b,0xd,0xa,0x6f,0x75,0x74,0x20,0x76,0x65,0x63,0x34,0x20,0x56,
  0x53,0x43,0x6f,0x6c,0x6f,0x72,0x3b,0xd,0xa,0xd,0xa,0x76,0x6f,0x69,0x64,0x20,
  0x6d,0x61,0x69,0x6e,0x28,0x29,0xd,0xa,0x7b,0xd,0xa,0x20,0x20,0x20,0x20,0x76,
  0x65,0x63,0x34,0x20,0x76,0x65,0x72,0x74,0x65,0x78,0x70,0x6f,0x73,0x20,0x3d,0x20,
  0x76,0x65,0x72,0x74,0x65,0x78,0x50,0x6f,0x73,0x69,0x74,0x69,0x6f,0x6e,0x5f,0x6d,
  0x6f,0x64,0x65,0x6c,0x53,0x70,0x61,0x63,0x65,0x3b,0xd,0xa,0xd,0xa,0x20,0x20,
  0x20,0x20,0x69,0x66,0x28,0x49,0x6e,0x73,0x74,0x61,0x6e,0x63,0x65,0x64,0x3d,0x3d,
  0x31,0x29,0xd,0xa,0x20,0x20,0x20,0x20,0x7b,0xd,0xa,0x20,0x20,0x20,0x20,0x20,
  0x20,0x20,0x20,0x2f,0x2f,0x20,0x73,0x63,0x61,0x6c,0x65,0x20,0x66,0x69,0x72,0x73,
  0x74,0xd,0xa,0x20,0x20,0x20,0x20,0x20,0x20,0x20,0x20,0x76,0x65,0x72,0x74,0x65,
  0x78,0x70,0x6f,0x73,0x2e,0x78,0x20,0x3d,0x20,0x76,0x65,0x72,0x74,0x65,0x78,0x50,
  0x6f,0x73,0x69,0x74,0x69,0x6f,0x6e,0x5f,0x6d,0x6f,0x64,0x65,0x6c,0x53,0x70,0x61,
  0x63,0x65,0x2e,0x78,0x2a,0x75,0x53,0x63,0x61,0x6c,0x65,0x3b,0xd,0xa,0x20,0x20,
  0x20,0x20,0x20,0x20,0x20,0x20,0x76,0x65,0x72,0x74,0x65,0x78,0x70,0x6f,0x73,0x2e,
  0x79,0x20,0x3d,0x20,0x76,0x65,0x72,0x74,0x65,0x78,0x50,0x6f,0x73,0x69,0x74,0x69,
  0x6f,0x6e,0x5f,0x6d,0x6f,0x64,0x65,0x6c,0x53,0x70,0x61,0x63,0x65,0x2e,0x79,0x2a,
  0x75,0x53,0x63,0x61,0x6c,0x65,0x3b,0xd,0xa,0x20,0x20,0x20,0x20,0x20,0x20,0x20,
  0x20,0x76,0x65,0x72,0x74,0x65,0x78,0x70,0x6f,0x73,0x2e,0x7a,0x20,0x3d,0x20,0x76,
  0x65,0x72,0x74,0x65,0x78,0x50,0x6f,0x73,0x69,0x74,0x69,0x6f,0x6e,0x5f,0x6d,0x6f,
  0x64,0x65,0x6c,0x53,0x70,0x61,0x63,0x65,0x2e,0x7a,0x2a,0x75,0x53,0x63,0x61,0x6c,
  0x65,0x3b,0xd,0xa,0x20,0x20,0x20,0x20,0x20,0x20,0x20,0x20,0x76,0x65,0x72,0x74,
  0x65,0x78,0x70,0x6f,0x73,0x2e,0x77,0x20,0x3d,0x20,0x76,0x65,0x72,0x74,0x65,0x78,
  0x50,0x6f,0x73,0x69,0x74,0x69,0x6f,0x6e,0x5f,0x6d,0x6f,0x64,0x65,0x6c,0x53,0x70,
  0x61,0x63,0x65,0x2e,0x77,0x3b,0xd,0xa,0x20,0x20,0x20,0x20,0x20,0x20,0x20,0x20,
  0x76,0x65,0x72,0x74,0x65,0x78,0x70,0x6f,0x73,0x20,0x2b,0x3d,0x20,0x76,0x65,0x63,
  0x34,0x28,0x76,0x65,0x72,0x74,0x65,0x78,0x4f,0x66,0x66,0x73,0x65,0x74,0x2c,0x20,
  0x30,0x2e,0x30,0x29,0x3b,0x20,0x20,0x20,0x20,0x2f,0x2f,0x20,0x74,0x68,0x65,0x6e,
  0x20,0x74,0x72,0x61,0x6e,0x73,0x6c,0x61,0x74,0x65,0xd,0xa,0x20,0x20,0x20,0x20,
  0x7d,0xd,0xa,0xd,0xa,0x20,0x20,0x20,0x20,0x2f,0x2f,0x20,0x4f,0x75,0x74,0x70,
  0x75,0x74,0x20,0x70,0x6f,0x73,0x69,0x74,0x69,0x6f,0x6e,0x20,0x6f,0x66,0x20,0x74,
  0x68,0x65,0x20,0x76,0x65,0x72,0x74,0x65,0x78,0x2c,0x20,0x69,0x6e,0x20,0x63,0x6c,
  0x69,0x70,0x20,0x73,0x70,0x61,0x63,0x65,0x20,0x3a,0x20,0x4d,0x56,0x50,0x20,0x2a,
  0x20,0x70,0x6f,0x73,0x69,0x74,0x69,0x6f,0x6e,0xd,0xa,0x20,0x20,0x20,0x20,0x67,
  0x6c,0x5f,0x50,0x6f,0x73,0x69,0x74,0x69,0x6f,0x6e,0x20,0x3d,0x20,0x20,0x70,0x76,
  0x6d,0x4d,0x61,0x74,0x72,0x69,0x78,0x20,0x2a,0x20,0x76,0x65,0x72,0x74,0x65,0x78,
  0x70,0x6f,0x73,0x3b,0xd,0xa,0xd,0xa,0x20,0x20,0x20,0x20,0x76,0x65,0x63,0x34,
  0x20,0x76,0x73,0x50,0x6f,0x73,0x20,0x3d,0x20,0x76,0x6d,0x4d,0x61,0x74,0x72,0x69,
  0x78,0x20,0x2a,0x20,0x76,0x65,0x72,0x74,0x65,0x78,0x70,0x6f,0x73,0x3b,0x20,0x2f,
  0x2f,0x20,0x70,0x6f,0x73,0x69,0x74,0x69,0x6f,0x6e,0x20,0x6f,0x66,0x20,0x76,0x65,
  0x72,0x74,0x65,0x78,0x20,0x69,0x6e,0x20,0x76,0x69,0x65,0x77,0x73,0x70,0x61,0x63,
  0x65,0xd,0xa,0xd,0xa,0x20,0x20,0x20,0x20,0x50,0x6f,0x73,0x69,0x74,0x69,0x6f,
  0x6e,0x5f,0x76,0x69,0x65,0x77,0x53,0x70,0x61,0x63,0x65,0x20,0x3d,0x20,0x76,0x73,
  0x50,0x6f,0x73,0x2e,0x78,0x79,0x7a,0x3b,0xd,0xa,0x20,0x20,0x20,0x20,0x2f,0x2f,
  0x20,0x4e,0x6f,0x72,0x6d,0x61,0x6c,0x20,0x74,0x6f,0x20,0x74,0x68,0x65,0x20,0x76,
  0x65,0x72,0x74,0x65,0x78,0x2c,0x20,0x69,0x6e,0x20,0x63,0x61,0x6d,0x65,0x72,0x61,
  0x20,0x73,0x70,0x61,0x63,0x65,0xd,0xa,0x20,0x20,0x20,0x20,0x2f,0x2f,0x20,0x4f,
  0x6e,0x6c,0x79,0x20,0x63,0x6f,0x72,0x72,0x65,0x63,0x74,0x20,0x69,0x66,0x20,0x4d,
  0x6f,0x64,0x65,0x6c,0x4d,0x61,0x74,0x72,0x69,0x78,0x20,0x64,0x6f,0x65,0x73,0x20,
  0x6e,0x6f,0x74,0x20,0x73,0x63,0x61,0x6c,0x65,0x20,0x74,0x68,0x65,0x20,0x6d,0x6f,
  0x64,0x65,0x6c,0x21,0x20,0x55,0x73,0x65,0x20,0x69,0x74,0x73,0x20,0x69,0x6e,0x76,
  0x65,0x72,0x73,0x65,0x20,0x74,0x72,0x61,0x6e,0x73,0x70,0x6f,0x73,0x65,0x20,0x69,
  0x66,0x20,0x6e,0x6f,0x74,0x2e,0xd,0xa,0x20,0x20,0x20,0x20,0x4e,0x6f,0x72,0x6d,
  0x61,0x6c,0x5f,0x76,0x69,0x65,0x77,0x53,0x70,0x61,0x63,0x65,0x20,0x3d,0x20,0x76,
  0x65,0x63,0x33,0x28,0x76,0x6d,0x4d,0x61,0x74,0x72,0x69,0x78,0x20,0x2a,0x20,0x76,
  0x65,0x63,0x34,0x28,0x76,0x65,0x72,0x74,0x65,0x78,0x4e,0x6f,0x72,0x6d,0x61,0x6c,
  0x5f,0x6d,0x6f,0x64,0x65,0x6c,0x53,0x70,0x61,0x63,0x65,0x2c,0x30,0x29,0x29,0x3b,
  0xd,0xa,0xd,0xa,0x20,0x20,0x20,0x20,0x2f,0x2f,0x20,0x74,0x68,0x65,0x20,0x76,
  0x65,0x72,0x74,0x65,0x78,0x20,0x63,0x6f,0x6c,0x6f,0x72,0x2c,0x20,0x6f,0x70,0x74,
  0x69,0x6f,0x6e,0x61,0x6c,0xd,0xa,0x20,0x20,0x20,0x20,0x56,0x53,0x43,0x6f,0x6c,
  0x6f,0x72,0x20,0x3d,0x20,0x76,0x65,0x72,0x74,0x65,0x78,0x43,0x6f,0x6c,0x6f,0x72,
  0x3b,0xd,0xa,0xd,0xa,0x20,0x20,0x20,0x20,0x2f,0x2f,0x20,0x69,0x6e,0x20,0x63,
  0x61,0x73,0x65,0x20,0x74,0x68,0x65,0x72,0x65,0x20,0x69,0x73,0x20,0x61,0x20,0x74,
  0x65,0x78,0x74,0x75,0x72,0x65,0xd,0xa,0x20,0x20,0x20,0x20,0x55,0x56,0x20,0x3d,
  0x20,0x76,0x65,0x72,0x74,0x65,0x78,0x55,0x56,0x3b,0xd,0xa,0xd,0xa,0x20,0x20,
  0x20,0x20,0x2f,0x2f,0x20,0x73,0x68,0x61,0x64,0x6f,0x77,0x20,0x61,0x64,0x64,0x69,
  0x74,0x69,0x6f,0x6e,0xd,0xa,0x20,0x20,0x20,0x20,0x46,0x72,0x61,0x67,0x50,0x6f,
  0x73,0x4c,0x69,0x67,0x68,0x74,0x53,0x70,0x61,0x63,0x65,0x20,0x3d,0x20,0x4c,0x69,
  0x67,0x68,0x74,0x56,0x69,0x65,0x77,0x4d,0x61,0x74,0x72,0x69,0x78,0x20,0x2a,0x20,
  0x76,0x65,0x72,0x74,0x65,0x78,0x70,0x6f,0x73,0x3b,0xd,0xa,0x7d,0xd,0xa,0xd,
  0xa,0xd,0xa,0xd,0xa,
    // surface_FS.glsl
  0x0,0x0,0x6,0x6b,
  0x28,
  0xb5,0x2f,0xfd,0x60,0x59,0x17,0xd,0x33,0x0,0x6,0xf7,0xa1,0x31,0x30,0x6f,0x9b,
  0x3,0xc0,0xc0,0x0,0x83,0x81,0x81,0x81,0x6a,0x67,0x1a,0xbb,0x9b,0xa0,0xea,0xa5,
  0xc3,0x4a,0xcc,0x9a,0xec,0x5e,0x3a,0x89,0x70,0xee,0x89,0x9f,0x31,0xa9,0xd9,0xd,
  0xdc,0x7b,0xfc,0x9b,0xfd,0xdb,0xbf,0x6d,0xc1,0x60,0x91,0x6e,0x21,0xc,0x93,0x0,
  0x95,0x0,0x93,0x0,0x6c,0xb5,0x73,0xe7,0x52,0x36,0x7,0xcf,0x57,0xeb,0x74,0xbd,
  0xf7,0xfd,0x6c,0x9b,0xab,0x8c,0x5d,0xfa,0xc,0xf5,0xea,0x3d,0x31,0xec,0x7b,0xf8,
  0x9d,0x7d,0xab,0xa7,0x96,0xa9,0x54,0x52,0xd,0x27,0x23,0xc2,0xe1,0x5,0x19,0x18,
  0xc7,0xc8,0xe7,0xa9,0x74,0x22,0xc3,0xf0,0x65,0x1c,0x8e,0x7b,0xe3,0x68,0x4b,0x2b,
  0x4e,0x0,0x79,0xfb,0xec,0xca,0xf1,0x61,0xf6,0x77,0xb2,0xe7,0x7a,0xd5,0x3a,0xc3,
  0x67,0x55,0xcd,0x9e,0xb1,0x8b,0x4f,0x13,0x40,0x0,0x45,0x40,0xf0,0x49,0xdb,0x56,
  0xde,0x4,0xa6,0x89,0x25,0xf2,0x56,0xd9,0x72,0xbd,0xbd,0x94,0xc,0xb7,0x4d,0x6b,
  0xe5,0x8c,0x37,0x27,0x29,0xa9,0x71,0x32,0xdc,0x0,0x43,0x61,0x1e,0x69,0xa0,0x5f,
  0xec,0xea,0xda,0x65,0x54,0x33,0x69,0xdf,0x7,0x5b,0x66,0xd9,0xbb,0x1,0x47,0xa5,
  0x75,0x80,0x0,0x80,0x80,0xc9,0x14,0x9b,0x17,0xc1,0xdb,0xf7,0x6b,0xb6,0xd5,0x20,
  0x3b,0x20,0xef,0xa1,0x9a,0x7c,0xdb,0xb1,0x9b,0x71,0xfc,0xb5,0x6c,0x29,0x5f,0x94,
  0x1b,0x58,0xa8,0x4f,0xae,0x6f,0x5c,0x24,0x4a,0xe3,0xf4,0xda,0xf9,0xea,0xcd,0x70,
  0xd3,0x41,0xba,0x8f,0xa5,0xba,0x8d,0x95,0x52,0x4d,0x7,0xad,0x19,0xc7,0xde,0x3a,
  0x9e,0xb7,0xbe,0xb6,0x72,0x16,0x2,0x10,0x10,0x41,0xf2,0x69,0x1e,0x51,0x15,0x95,
  0xd0,0xd5,0x68,0xf7,0xa4,0xad,0x7c,0xf6,0x23,0xcf,0xb6,0x38,0xf2,0x7c,0xb2,0x22,
  0x6b,0x9,0xad,0xe5,0xd9,0xb3,0x31,0x8e,0x7c,0x5d,0xf9,0x3e,0x89,0xf,0x9,0x71,
  0x9,0x42,0x3c,0xa9,0x41,0xce,0x38,0x6c,0x35,0xcb,0xea,0x8d,0x74,0x27,0x77,0xc7,
  0xc3,0xf0,0x38,0x1b,0x4c,0x65,0x99,0x79,0x9e,0xe5,0xae,0x61,0x52,0x44,0x8e,0xcd,
  0xa1,0xdc,0x5,0x47,0x39,0x5c,0xb5,0xfb,0xe1,0xb,0x8c,0x18,0x14,0xce,0x66,0x2b,
  0xb9,0x7a,0x74,0xa9,0xaa,0x4c,0xac,0xf,0xda,0x8e,0x10,0x34,0xfb,0x79,0xb8,0x3e,
  0x52,0x78,0x74,0x51,0xb8,0x88,0xc8,0xa9,0x4,0xc8,0xea,0xd8,0xd6,0x6a,0x3a,0x7f,
  0xf0,0x6a,0x1a,0xa9,0x50,0x26,0x8f,0xba,0x4b,0x1f,0x88,0x72,0xb,0x66,0x5d,0xd7,
  0x7d,0x28,0x94,0x57,0x9,0xff,0x3c,0x73,0xa9,0xbc,0xfa,0xe7,0x77,0x36,0x54,0xe9,
  0x54,0x9d,0x41,0x9a,0x23,0x19,0x23,0x55,0xbe,0xb2,0xad,0xd7,0xa,0x5f,0xf,0x22,
  0x7c,0xe1,0xa,0x94,0x6a,0xf6,0x6d,0xdf,0xd2,0xec,0x8c,0x71,0xf7,0x80,0x8c,0xc1,
  0x4c,0x74,0x29,0x8a,0x24,0xe8,0xd2,0x48,0x59,0x2e,0xd0,0x27,0x37,0xa0,0x2c,0x14,
  0xf4,0x79,0x9e,0x57,0x95,0x57,0x87,0x5c,0x27,0x7c,0xf6,0xb1,0xe9,0xf6,0xec,0xeb,
  0xce,0x3b,0x90,0x3b,0xb9,0x56,0xd,0xde,0xa2,0xd5,0x12,0x49,0xd0,0x7d,0x15,0xd5,
  0xa9,0x90,0xa8,0x12,0x45,0x91,0x4,0x71,0x34,0xa3,0x4c,0x1e,0x41,0x94,0x57,0xbf,
  0x7c,0x4c,0x24,0xc4,0x29,0x87,0x10,0xd0,0xf4,0xac,0xa7,0x4d,0xbe,0xf7,0x59,0x48,
  0xd,0x58,0x26,0x19,0x24,0x8b,0x4a,0xef,0x84,0x14,0x51,0x81,0x2c,0x6c,0xd7,0x8b,
  0xc1,0xc6,0x38,0x6b,0x8f,0x5d,0xda,0x91,0x16,0xd7,0xc8,0x46,0x48,0x50,0xf5,0x2e,
  0x63,0x17,0x96,0x42,0xea,0xbc,0xd1,0xce,0x7b,0xe4,0xcc,0xf3,0x24,0xbc,0x14,0x1f,
  0x27,0x33,0x77,0xb9,0x73,0x96,0xd7,0x7c,0x3c,0x35,0xf3,0xd5,0x27,0x22,0x5f,0x2d,
  0xb3,0xe8,0x23,0x8,0xbb,0xd7,0x64,0x19,0x19,0xce,0x77,0x6d,0x6f,0x2c,0x97,0xb8,
  0x63,0x7a,0x37,0xcb,0xf4,0xfa,0x7d,0xd8,0x7d,0xa5,0x17,0x72,0xc6,0xfb,0xe4,0xd1,
  0xa5,0x69,0x9a,0x74,0x2e,0xa8,0xfa,0x25,0xcb,0x9d,0x71,0xfe,0xe1,0x5b,0x39,0xe3,
  0x9a,0xed,0x9,0x81,0xbb,0xa8,0x11,0xaa,0xa2,0x11,0x91,0x91,0x24,0x95,0xc2,0x74,
  0x51,0x8,0x42,0x18,0xc6,0xa9,0x84,0xe5,0x1,0xd2,0x60,0x24,0xcd,0x52,0x40,0x87,
  0x20,0xe5,0x10,0x31,0x46,0xa,0x44,0x44,0x26,0x90,0x40,0x82,0x28,0x4c,0x49,0x92,
  0xc2,0x70,0xd9,0xe7,0x31,0xec,0x13,0x8,0xa8,0x43,0x62,0xab,0x53,0x10,0xee,0x52,
  0x2,0xd7,0xbc,0x44,0x5,0x9e,0xf2,0xed,0xfe,0xc6,0xc,0xf5,0xf9,0x48,0x0,0x77,
  0x44,0x13,0x54,0xe6,0x2d,0xbf,0xb7,0x6,0xae,0xd4,0xc,0x74,0x9c,0x8a,0xfe,0x6,
  0xe4,0xe7,0x1,0xf8,0xda,0xbf,0xa3,0x80,0xaa,0x71,0x19,0xc5,0xe6,0x2f,0x9d,0x1e,
  0x1,0x2a,0x84,0xac,0x60,0xce,0xa8,0x59,0xd5,0x7f,0x58,0xb0,0x8b,0x99,0x63,0x7,
  0x6b,0xd0,0xe0,0xb,0x52,0xbc,0x19,0x9,0x30,0xd7,0x66,0x16,0x83,0x19,0x87,0x4,
  0xb2,0xa6,0x12,0xe3,0xa7,0x8e,0xce,0x24,0x71,0x26,0xad,0xc8,0xc7,0x58,0x7b,0x40,
  0x1,0x22,0x1d,0x6c,0x63,0x5a,0xfe,0x4c,0x43,0x48,0xb3,0xf5,0x16,0xd4,0x5f,0x8a,
  0x80,0x8c,0xce,0x80,0xce,0xa6,0x8a,0x44,0xa2,0xdd,0x69,0xa4,0xa8,0x9b,0x86,0x86,
  0xee,0x5e,0x30,0x16,0xea,0xea,0x34,0x3b,0x5,0xf1,0x7e,0xba,0xc1,0xb3,0x24,0x1f,
  0xbc,0x77,0x40,0x50,0x2f,0x6f,0x3,0xc2,0x68,0x5d,0xa1,0xc1,0x32,0xa6,0x7c,0x84,
  0xd,0x78,0x89,0xbd,0xea,0x52,0x2d,0x1d,0x8d,0xd0,0xe2,0x23,0xc6,0x50,0x77,0x7e,
  0x33,0x3c,0xe7,0x7e,0x90,0xd5,0x1b,0xfe,0x35,0x4,0xec,0x1b,0x40,0xa1,0x43,0xbf,
  0xf3,0xaf,0x5a,0x20,0x5c,0xc9,0x4e,0x58,0xd4,0xf2,0xcf,0x7e,0x96,0x36,0x79,0x80,
  0x67,0xad,0x1d,0xc6,0xc9,0x26,0xac,0xb3,0x22,0x1a,0x71,0xfc,0x7a,0x3e,0xfc,0x5b,
  0x9,0xac,0xc,0x93,0x1b,0xf0,0xcf,0x5a,0xbc,0xeb,0x17,0x2f,0x5,0x87,0xb3,0xab,
  0x4b,0x2a,0x97,0xdf,0x8a,0x6,0x6,0x97,0xa6,0x79,0x9d,0xc2,0x64,0xd,0x70,0x29,
  0x78,0x41,0x5,0xc3,0x4,0xe3,0x54,0x3a,0xa7,0x0,0x5e,0x9b,0x52,0x6d,0x75,0x37,
  0x27,0x31,0x9b,0x2d,0x4e,0xf4,0x10,0x39,0x4a,0x29,0x66,0xc7,0x93,0x49,0xca,0x8f,
  0x27,0x39,0x88,0x62,0x36,0x84,0xec,0xa0,0x8,0x93,0x89,0x5c,0x8c,0x3,0x9b,0x20,
  0x6a,0x1f,0x64,0xf9,0x79,0xb6,0x8,0x97,0xcb,0x46,0x32,0x59,0x36,0xcb,0x21,0x86,
  0xda,0x42,0x25,0xe8,0x9a,0x6b,0x24,0xb3,0x55,0x80,0x9d,0x37,0x74,0x23,0x6a,0x37,
  0x93,0x95,0x59,0x65,0x47,0x4b,0xba,0xd4,0xa2,0xdc,0xd1,0xe7,0x83,0xdf,0x34,0x6f,
  0x78,0x13,0xf1,0x7b,0x1,0xa8,0x9,0x3d,0x96,0xb,0x74,0x1,0x7b,0x9a,0xb6,0x8a,
  0xe7,0xe,0x76,0xe7,0x88,0xeb,0xe6,0x7b,0x5c,0x87,0x6b,0x4f,0x96,0xdb,0x34,0x4,
  0x72,0xd9,0xc7,0xa4,0xbc,0x65,0x9e,0x43,0xba,0xe7,0xa6,0x8a,0xb3,0x96,0x4d,0xb1,
  0x1c,0x4d,0x6a,0x8d,0x5,0xba,0x41,0x56,0xec,0xbc,0x80,0x42,0x3e,0x13,0xb6,0x27,
  0xd0,0x50,0xaa,0xdd,0x23,0x1b,0xea,0x48,0xf0,0x5,0xa0,0xad,0x3f,0x8e,0x8b,0xcb,
  0x6c,0x5,0x89,0x20,0x3e,0x89,0x22,0x20,0x1b,0x55,0x37,0x3e,0x19,0x55,0x44,0xae,
  0xa8,0x11,0x5,0xb8,0x45,0x7e,0x55,0x1,0xe3,0x20,0x14,0x9d,0x69,0x14,0x2d,0xac,
  0x68,0x8b,0xe4,0x41,0x45,0x4c,0xf4,0x52,0x26,0x31,0x7e,0x17,0xf1,0x2c,0x36,0x21,
  0x90,0x14,0x1d,0xbd,0x3e,0x6d,0xfc,0x36,0x81,0xb4,0x8d,0x87,0xe1,0x9f,0x9f,0xde,
  0x30,0x1e,0xe7,0xd2,0x1b,0x6f,0x99,0xba,0xb7,0x56,0x98,0x63,0xfa,0x7b,0x64,0xaf,
  0x4e,0xfb,0x35,0x4e,0x5c,0x4d,0x6c,0x8d,0x55,0xcf,0xd2,0xb,0x43,0xfc,0x5f,0xc3,
  0x48,0x45,0xe8,0xce,0x51,0xb8,0x25,0x46,0x32,0xee,0xc7,0x84,0xca,0x1f,0xa2,0x68,
  0xfe,0xd0,0xbc,0x12,0xf4,0x36,0x8d,0x64,0x3a,0x45,0x6f,0x7a,0x8,0xe6,0xf5,0x36,
  0x38,0xc9,0xe7,0xa1,0x35,0x68,0x81,0x22,0xc5,0x79,0xb0,0xb7,0x6d,0x2b,0x3f,0xd5,
  0x3b,0x72,0x98,0xa0,0x82,0xef,0xeb,0x1c,0xa8,0xb,0x22,0xdd,0x44,0x2a,0x2c,0x61,
  0xce,0x4c,0xa5,0x43,0xaa,0x98,0x31,0x8c,0xa4,0x87,0x82,0x79,0x9c,0x85,0x1e,0xae,
  0xcc,0x8f,0xc0,0xd4,0x9c,0x48,0xd9,0x42,0xff,0xdd,0x82,0x49,0x4f,0xba,0xa0,0xba,
  0x51,0xbd,0xef,0x93,0xb1,0xe4,0x99,0x65,0x8b,0xc8,0x52,0x10,0xc1,0xc1,0xdd,0x99,
  0xfb,0x6b,0x48,0xb6,0xd9,0x64,0x2c,0x71,0xa,0x1c,0xb3,0x12,0x31,0xe0,0x2d,0xa1,
  0x23,0x9b,0x91,0xf4,0xf6,0x4,0x4e,0xf6,0xfd,0x81,0xe2,0x36,0xdc,0xa3,0x6b,0x56,
  0x76,0xcf,0x56,0x17,0xc9,0x61,0xbc,0xe3,0xb7,0x5c,0x5d,0xe1,0xb9,0x48,0xeb,0x2,
  0xb1,0x12,0xea,0x9f,0x1b,0x63,0x1f,0xb7,0xa,0xce,0x6b,0xc9,0xd8,0x2f,0x20,0x9f,
  0xe0,0x3f,0x1,0xc,0xe8,0x5b,0xb,0x4a,0x70,0x96,0xa0,0x23,0xf9,0xd2,0xcf,0x14,
  0xda,0x33,0xad,0x65,0x6,0xf5,0xf2,0x79,0x39,0x47,0x48,0xc9,0x23,0xa0,0xed,0x7c,
  0xf7,0x8,0x89,0xe9,0xd0,0xc1,0x45,0x2,0x14,0x1a,0x4d,0xa0,0x6b,0xb1,0xe6,0x9e,
  0xd,0xa6,0xf2,0x93,0xbb,0x17,0x4d,0x31,0x8f,0xb6,0xda,0x80,0x9b,0x8b,0x65,0xca,
  0x40,0xfe,0x3,0x69,0xc7,0xbb,0x94,0x1d,0x38,0x20,0xf7,0xde,0x2a,0x17,0x1d,0x25,
  0x77,0x74,0xf7,0x17,0xbb,0x4b,0x55,0x96,0x85,0xda,0xc1,0x40,0x53,0xdf,0x4a,0x3c,
  0xa9,0xa1,0x3c,0x8d,0x9f,0x98,0xc9,0xe8,0x97,0x82,0xf4,0x16,0xcc,0x37,0x45,0x9d,
  0x8c,0xc7,0x79,0x74,0x2f,0xca,0xc1,0x9a,0x15,0xde,0x83,0xcf,0xe5,0x17,0x42,0x6d,
  0x58,0x32,0xc3,0x15,0x75,0x4,0x49,0xa5,0xb,0x35,0xa9,0xc0,0x2e,0x53,0x21,0xb1,
  0xd0,0xd4,0x47,0x5d,0xe5,0xc1,0xb3,0x18,0xc,0x28,0x9b,0x7a,0x67,0xcd,0x68,0x5f,
  0x40,0x13,0x6a,0xb9,0x67,0xc7,0x4f,0xc4,0x7c,0xca,0xe8,0xcd,0x86,0x28,0x39,0x2d,
  0xb,0xe2,0x2b,0xbf,0x65,0x57,0xda,0x5,0xb3,0x95,0xe3,0xf1,0xa0,0x3,0x72,0x8c,
  0x8,0xe0,0x53,0xf7,0xc0,0xe7,0x74,0xad,0xe2,0x1b,0x93,0xbf,0x80,0x7f,0x33,0x1,
  0xb1,0xbd,0xd5,0x8a,0xa4,0x62,0x6d,0x78,0x0,0xc8,
    // point_FS.glsl
  0x0,0x0,0xd,0xe4,
  0x23,
  0x76,0x65,0x72,0x73,0x69,0x6f,0x6e,0x20,0x33,0x33,0x30,0xa,0xa,0x2f,0x2f,0x20,
  0x70,0x6f,0x69,0x6e,0x74,0x20,0x66,0x72,0x61,0x67,0x6d,0x65,0x6e,0x74,0x20,0x73,
  0x68,0x61,0x64,0x65,0x72,0xa,0xa,0x75,0x6e,0x69,0x66,0x6f,0x72,0x6d,0x20,0x66,
  0x6c,0x6f,0x61,0x74,0x20,0x63,0x6c,0x69,0x70,0x50,0x6c,0x61,0x6e,0x65,0x30,0x3b,
  0x20,0x2f,0x2f,0x20,0x64,0x65,0x66,0x69,0x6e,0x65,0x64,0x20,0x69,0x6e,0x20,0x76,
  0x69,0x65,0x77,0x2d,0x73,0x70,0x61,0x63,0x65,0xa,0xa,0x69,0x6e,0x20,0x76,0x65,
  0x63,0x33,0x20,0x76,0x50,0x6f,0x73,0x69,0x74,0x69,0x6f,0x6e,0x3b,0xa,0x69,0x6e,
  0x20,0x76,0x65,0x63,0x33,0x20,0x4e,0x6f,0x72,0x6d,0x61,0x6c,0x5f,0x76,0x69,0x65,
  0x77,0x53,0x70,0x61,0x63,0x65,0x3b,0xa,0x69,0x6e,0x20,0x66,0x6c,0x6f,0x61,0x74,
  0x20,0x64,0x65,0x6e,0x73,0x69,0x74,0x79,0x3b,0xa,0x69,0x6e,0x20,0x66,0x6c,0x6f,
  0x61,0x74,0x20,0x73,0x74,0x61,0x74,0x65,0x3b,0xa,0xa,0x75,0x6e,0x69,0x66,0x6f,
  0x72,0x6d,0x20,0x69,0x6e,0x74,0x20,0x54,0x77,0x6f,0x53,0x69,0x64,0x65,0x64,0x3b,
  0xa,0x75,0x6e,0x69,0x66,0x6f,0x72,0x6d,0x20,0x69,0x6e,0x74,0x20,0x4c,0x69,0x67,
  0x68,0x74,0x4f,0x6e,0x3b,0xa,0x75,0x6e,0x69,0x66,0x6f,0x72,0x6d,0x20,0x76,0x65,
  0x63,0x33,0x20,0x4c,0x69,0x67,0x68,0x74,0x50,0x6f,0x73,0x69,0x74,0x69,0x6f,0x6e,
  0x5f,0x76,0x69,0x65,0x77,0x53,0x70,0x61,0x63,0x65,0x3b,0xa,0x75,0x6e,0x69,0x66,
  0x6f,0x72,0x6d,0x20,0x76,0x65,0x63,0x33,0x20,0x45,0x79,0x65,0x50,0x6f,0x73,0x69,
  0x74,0x69,0x6f,0x6e,0x5f,0x76,0x69,0x65,0x77,0x53,0x70,0x61,0x63,0x65,0x3b,0xa,
  0x75,0x6e,0x69,0x66,0x6f,0x72,0x6d,0x20,0x76,0x65,0x63,0x34,0x20,0x4c,0x69,0x67,
  0x68,0x74,0x43,0x6f,0x6c,0x6f,0x72,0x3b,0xa,0x75,0x6e,0x69,0x66,0x6f,0x72,0x6d,
  0x20,0x66,0x6c,0x6f,0x61,0x74,0x20,0x4c,0x69,0x67,0x68,0x74,0x41,0x6d,0x62,0x69,
  0x65,0x6e,0x74,0x2c,0x20,0x4c,0x69,0x67,0x68,0x74,0x44,0x69,0x66,0x66,0x75,0x73,
  0x65,0x2c,0x20,0x4c,0x69,0x67,0x68,0x74,0x53,0x70,0x65,0x63,0x75,0x6c,0x61,0x72,
  0x3b,0xa,0x75,0x6e,0x69,0x66,0x6f,0x72,0x6d,0x20,0x66,0x6c,0x6f,0x61,0x74,0x20,
  0x4b,0x63,0x2c,0x20,0x4b,0x6c,0x2c,0x20,0x4b,0x71,0x3b,0xa,0x75,0x6e,0x69,0x66,
  0x6f,0x72,0x6d,0x20,0x66,0x6c,0x6f,0x61,0x74,0x20,0x4d,0x61,0x74,0x65,0x72,0x69,
  0x61,0x6c,0x53,0x68,0x69,0x6e,0x69,0x6e,0x65,0x73,0x73,0x3b,0xa,0xa,0x75,0x6e,
  0x69,0x66,0x6f,0x72,0x6d,0x20,0x76,0x65,0x63,0x34,0x20,0x43,0x6f,0x6c,0x6f,0x72,
  0x20,0x3d,0x20,0x76,0x65,0x63,0x34,0x28,0x31,0x2e,0x30,0x2c,0x20,0x31,0x2e,0x30,
  0x2c,0x20,0x31,0x2e,0x30,0x2c,0x20,0x31,0x2e,0x30,0x29,0x3b,0x20,0x2f,0x2f,0x20,
  0x75,0x73,0x65,0x64,0x20,0x69,0x66,0x20,0x73,0x74,0x61,0x74,0x65,0x20,0x69,0x73,
  0x20,0x69,0x6e,0x76,0x61,0x6c,0x69,0x64,0xa,0xa,0xa,0x6c,0x61,0x79,0x6f,0x75,
  0x74,0x28,0x6c,0x6f,0x63,0x61,0x74,0x69,0x6f,0x6e,0x3d,0x30,0x29,0x20,0x6f,0x75,
  0x74,0x20,0x76,0x65,0x63,0x34,0x20,0x66,0x72,0x61,0x67,0x43,0x6f,0x6c,0x6f,0x72,
  0x3b,0xa,0xa,0x66,0x6c,0x6f,0x61,0x74,0x20,0x67,0x6c,0x47,0x65,0x74,0x52,0x65,
  0x64,0x28,0x66,0x6c,0x6f,0x61,0x74,0x20,0x74,0x61,0x75,0x29,0xa,0x7b,0xa,0x20,
  0x20,0x20,0x20,0x69,0x66,0x20,0x20,0x20,0x20,0x20,0x28,0x74,0x61,0x75,0x3e,0x32,
  0x2e,0x30,0x66,0x2f,0x33,0x2e,0x30,0x66,0x29,0x20,0x72,0x65,0x74,0x75,0x72,0x6e,
  0x20,0x31,0x2e,0x30,0x66,0x3b,0xa,0x20,0x20,0x20,0x20,0x65,0x6c,0x73,0x65,0x20,
  0x69,0x66,0x28,0x74,0x61,0x75,0x3e,0x31,0x2e,0x30,0x66,0x2f,0x33,0x2e,0x30,0x66,
  0x29,0x20,0x72,0x65,0x74,0x75,0x72,0x6e,0x20,0x28,0x33,0x2e,0x30,0x66,0x2a,0x28,
  0x74,0x61,0x75,0x2d,0x31,0x2e,0x30,0x66,0x2f,0x33,0x2e,0x30,0x66,0x29,0x29,0x3b,
  0xa,0x20,0x20,0x20,0x20,0x65,0x6c,0x73,0x65,0x20,0x20,0x20,0x20,0x20,0x20,0x20,
  0x20,0x20,0x20,0x20,0x20,0x20,0x20,0x20,0x20,0x20,0x20,0x20,0x72,0x65,0x74,0x75,
  0x72,0x6e,0x20,0x30,0x2e,0x30,0x66,0x3b,0xa,0x7d,0xa,0xa,0x66,0x6c,0x6f,0x61,
  0x74,0x20,0x67,0x6c,0x47,0x65,0x74,0x47,0x72,0x65,0x65,0x6e,0x28,0x66,0x6c,0x6f,
  0x61,0x74,0x20,0x74,0x61,0x75,0x29,0xa,0x7b,0xa,0x20,0x20,0x20,0x20,0x69,0x66,
  0x20,0x20,0x20,0x20,0x20,0x28,0x74,0x61,0x75,0x3c,0x30,0x2e,0x30,0x66,0x20,0x7c,
  0x7c,0x20,0x74,0x61,0x75,0x3e,0x31,0x2e,0x30,0x66,0x29,0x20,0x72,0x65,0x74,0x75,
  0x72,0x6e,0x20,0x30,0x2e,0x30,0x66,0x3b,0xa,0x20,0x20,0x20,0x20,0x65,0x6c,0x73,
  0x65,0x20,0x69,0x66,0x28,0x74,0x61,0x75,0x3c,0x31,0x2e,0x30,0x66,0x2f,0x34,0x2e,
  0x30,0x66,0x29,0x20,0x20,0x20,0x20,0x20,0x20,0x20,0x20,0x72,0x65,0x74,0x75,0x72,
  0x6e,0x20,0x28,0x34,0x2e,0x30,0x66,0x2a,0x74,0x61,0x75,0x29,0x3b,0xa,0x20,0x20,
  0x20,0x20,0x65,0x6c,0x73,0x65,0x20,0x69,0x66,0x28,0x74,0x61,0x75,0x3e,0x33,0x2e,
  0x30,0x66,0x2f,0x34,0x2e,0x30,0x66,0x29,0x20,0x20,0x20,0x20,0x20,0x20,0x20,0x20,
  0x72,0x65,0x74,0x75,0x72,0x6e,0x20,0x28,0x31,0x2e,0x30,0x66,0x2d,0x34,0x2e,0x30,
  0x66,0x2a,0x28,0x74,0x61,0x75,0x2d,0x33,0x2e,0x30,0x66,0x2f,0x34,0x2e,0x30,0x66,
  0x29,0x29,0x3b,0xa,0x20,0x20,0x20,0x20,0x65,0x6c,0x73,0x65,0x20,0x20,0x20,0x20,
  0x20,0x20,0x20,0x20,0x20,0x20,0x20,0x20,0x20,0x20,0x20,0x20,0x20,0x20,0x20,0x20,
  0x20,0x20,0x20,0x20,0x20,0x20,0x72,0x65,0x74,0x75,0x72,0x6e,0x20,0x31,0x2e,0x30,
  0x3b,0xa,0x7d,0xa,0xa,0x66,0x6c,0x6f,0x61,0x74,0x20,0x67,0x6c,0x47,0x65,0x74,
  0x42,0x6c,0x75,0x65,0x28,0x66,0x6c,0x6f,0x61,0x74,0x20,0x74,0x61,0x75,0x29,0xa,
  0x7b,0xa,0x20,0x20,0x20,0x20,0x69,0x66,0x28,0x74,0x61,0x75,0x3e,0x32,0x2e,0x30,
  0x66,0x2f,0x33,0x2e,0x30,0x66,0x29,0x20,0x20,0x20,0x20,0x20,0x20,0x72,0x65,0x74,
  0x75,0x72,0x6e,0x20,0x30,0x2e,0x30,0x66,0x3b,0xa,0x20,0x20,0x20,0x20,0x65,0x6c,
  0x73,0x65,0x20,0x69,0x66,0x28,0x74,0x61,0x75,0x3e,0x31,0x2e,0x30,0x66,0x2f,0x33,
  0x2e,0x30,0x66,0x29,0x20,0x72,0x65,0x74,0x75,0x72,0x6e,0x20,0x28,0x31,0x2e,0x30,
  0x66,0x2d,0x33,0x2e,0x30,0x66,0x2a,0x28,0x74,0x61,0x75,0x2d,0x31,0x2e,0x30,0x66,
  0x2f,0x33,0x2e,0x30,0x66,0x29,0x29,0x3b,0xa,0x20,0x20,0x20,0x20,0x65,0x6c,0x73,
  0x65,0x20,0x20,0x20,0x20,0x20,0x20,0x20,0x20,0x20,0x20,0x20,0x20,0x20,0x20,0x20,
  0x20,0x20,0x20,0x20,0x72,0x65,0x74,0x75,0x72,0x6e,0x20,0x31,0x2e,0x30,0x66,0x3b,
  0xa,0x7d,0xa,0xa,0x76,0x6f,0x69,0x64,0x20,0x6d,0x61,0x69,0x6e,0x28,0x76,0x6f,
  0x69,0x64,0x29,0xa,0x7b,0xa,0x20,0x20,0x20,0x20,0x69,0x66,0x20,0x28,0x76,0x50,
  0x6f,0x73,0x69,0x74,0x69,0x6f,0x6e,0x2e,0x7a,0x20,0x3e,0x20,0x63,0x6c,0x69,0x70,
  0x50,0x6c,0x61,0x6e,0x65,0x30,0x29,0x20,0x7b,0xa,0x20,0x20,0x20,0x20,0x20,0x20,
  0x20,0x20,0x64,0x69,0x73,0x63,0x61,0x72,0x64,0x3b,0xa,0x20,0x20,0x20,0x20,0x20,
  0x20,0x20,0x20,0x72,0x65,0x74,0x75,0x72,0x6e,0x3b,0xa,0x20,0x20,0x20,0x20,0x7d,
  0xa,0x20,0x20,0x20,0x20,0x2f,0x2f,0x20,0x6e,0x6f,0x74,0x65,0x3a,0x20,0x64,0x65,
  0x6e,0x73,0x69,0x74,0x79,0x20,0x69,0x6e,0x63,0x6f,0x6d,0x70,0x61,0x74,0x69,0x62,
  0x6c,0x65,0x20,0x77,0x69,0x74,0x68,0x20,0x64,0x65,0x70,0x74,0x68,0x20,0x74,0x65,
  0x73,0x74,0x69,0x6e,0x67,0xa,0x20,0x20,0x20,0x20,0x76,0x65,0x63,0x34,0x20,0x76,
  0x65,0x72,0x74,0x65,0x78,0x63,0x6f,0x6c,0x6f,0x72,0x3b,0xa,0x20,0x20,0x20,0x20,
  0x69,0x66,0x28,0x73,0x74,0x61,0x74,0x65,0x3c,0x30,0x20,0x7c,0x7c,0x20,0x73,0x74,
  0x61,0x74,0x65,0x3e,0x31,0x29,0xa,0x20,0x20,0x20,0x20,0x7b,0xa,0x20,0x20,0x20,
  0x20,0x20,0x20,0x20,0x20,0x76,0x65,0x72,0x74,0x65,0x78,0x63,0x6f,0x6c,0x6f,0x72,
  0x20,0x3d,0x20,0x43,0x6f,0x6c,0x6f,0x72,0x3b,0x20,0x2f,0x2f,0x20,0x75,0x73,0x65,
  0x20,0x74,0x68,0x65,0x20,0x75,0x6e,0x69,0x66,0x6f,0x72,0x6d,0xa,0x20,0x20,0x20,
  0x20,0x20,0x20,0x20,0x20,0x76,0x65,0x72,0x74,0x65,0x78,0x63,0x6f,0x6c,0x6f,0x72,
  0x2e,0x61,0x20,0x3d,0x20,0x64,0x65,0x6e,0x73,0x69,0x74,0x79,0x3b,0xa,0x20,0x20,
  0x20,0x20,0x7d,0xa,0x20,0x20,0x20,0x20,0x65,0x6c,0x73,0x65,0xa,0x20,0x20,0x20,
  0x20,0x20,0x20,0x20,0x20,0x76,0x65,0x72,0x74,0x65,0x78,0x63,0x6f,0x6c,0x6f,0x72,
  0x20,0x3d,0x20,0x76,0x65,0x63,0x34,0x28,0x67,0x6c,0x47,0x65,0x74,0x52,0x65,0x64,
  0x28,0x73,0x74,0x61,0x74,0x65,0x29,0x2c,0x20,0x67,0x6c,0x47,0x65,0x74,0x47,0x72,
  0x65,0x65,0x6e,0x28,0x73,0x74,0x61,0x74,0x65,0x29,0x2c,0x20,0x67,0x6c,0x47,0x65,
  0x74,0x42,0x6c,0x75,0x65,0x28,0x73,0x74,0x61,0x74,0x65,0x29,0x2c,0x20,0x64,0x65,
  0x6e,0x73,0x69,0x74,0x79,0x29,0x3b,0xa,0xa,0x20,0x20,0x20,0x20,0x69,0x66,0x28,
  0x4c,0x69,0x67,0x68,0x74,0x4f,0x6e,0x3d,0x3d,0x31,0x29,0xa,0x20,0x20,0x20,0x20,
  0x7b,0xa,0x20,0x20,0x20,0x20,0x20,0x20,0x20,0x20,0x2f,0x2f,0x20,0x4d,0x61,0x74,
  0x65,0x72,0x69,0x61,0x6c,0x20,0x70,0x72,0x6f,0x70,0x65,0x72,0x74,0x69,0x65,0x73,
  0xa,0x20,0x20,0x20,0x20,0x20,0x20,0x20,0x20,0x76,0x65,0x63,0x34,0x20,0x4d,0x61,
  0x74,0x65,0x72,0x69,0x61,0x6c,0x41,0x6d,0x62,0x69,0x65,0x6e,0x74,0x43,0x6f,0x6c,
  0x6f,0x72,0x20,0x20,0x3d,0x20,0x76,0x65,0x63,0x34,0x28,0x76,0x65,0x72,0x74,0x65,
  0x78,0x63,0x6f,0x6c,0x6f,0x72,0x2e,0x72,0x67,0x62,0x20,0x2a,0x20,0x4c,0x69,0x67,
  0x68,0x74,0x41,0x6d,0x62,0x69,0x65,0x6e,0x74,0x2c,0x20,0x76,0x65,0x72,0x74,0x65,
  0x78,0x63,0x6f,0x6c,0x6f,0x72,0x2e,0x61,0x29,0x3b,0xa,0x20,0x20,0x20,0x20,0x20,
  0x20,0x20,0x20,0x76,0x65,0x63,0x34,0x20,0x4d,0x61,0x74,0x65,0x72,0x69,0x61,0x6c,
  0x44,0x69,0x66,0x66,0x75,0x73,0x65,0x43,0x6f,0x6c,0x6f,0x72,0x20,0x20,0x3d,0x20,
  0x76,0x65,0x63,0x34,0x28,0x76,0x65,0x72,0x74,0x65,0x78,0x63,0x6f,0x6c,0x6f,0x72,
  0x2e,0x72,0x67,0x62,0x20,0x2a,0x20,0x4c,0x69,0x67,0x68,0x74,0x44,0x69,0x66,0x66,
  0x75,0x73,0x65,0x2c,0x20,0x76,0x65,0x72,0x74,0x65,0x78,0x63,0x6f,0x6c,0x6f,0x72,
  0x2e,0x61,0x29,0x3b,0xa,0x20,0x20,0x20,0x20,0x20,0x20,0x20,0x20,0x76,0x65,0x63,
  0x34,0x20,0x4d,0x61,0x74,0x65,0x72,0x69,0x61,0x6c,0x53,0x70,0x65,0x63,0x75,0x6c,
  0x61,0x72,0x43,0x6f,0x6c,0x6f,0x72,0x20,0x3d,0x20,0x76,0x65,0x63,0x34,0x28,0x31,
  0x2e,0x30,0x2c,0x20,0x31,0x2e,0x30,0x2c,0x20,0x31,0x2e,0x30,0x2c,0x20,0x31,0x2e,
  0x30,0x29,0x3b,0xa,0xa,0x20,0x20,0x20,0x20,0x20,0x20,0x20,0x20,0x2f,0x2f,0x20,
  0x56,0x65,0x63,0x74,0x6f,0x72,0x20,0x74,0x68,0x61,0x74,0x20,0x67,0x6f,0x65,0x73,
  0x20,0x66,0x72,0x6f,0x6d,0x20,0x74,0x68,0x65,0x20,0x76,0x65,0x72,0x74,0x65,0x78,
  0x20,0x74,0x6f,0x20,0x74,0x68,0x65,0x20,0x65,0x79,0x65,0x2c,0x20,0x69,0x6e,0x20,
  0x76,0x69,0x65,0x77,0x20,0x73,0x70,0x61,0x63,0x65,0x2e,0xa,0x20,0x20,0x20,0x20,
  0x20,0x20,0x20,0x20,0x76,0x65,0x63,0x33,0x20,0x45,0x79,0x65,0x44,0x69,0x72,0x65,
  0x63,0x74,0x69,0x6f,0x6e,0x5f,0x76,0x69,0x65,0x77,0x53,0x70,0x61,0x63,0x65,0x20,
  0x3d,0x20,0x45,0x79,0x65,0x50,0x6f,0x73,0x69,0x74,0x69,0x6f,0x6e,0x5f,0x76,0x69,
  0x65,0x77,0x53,0x70,0x61,0x63,0x65,0x20,0x2d,0x20,0x76,0x50,0x6f,0x73,0x69,0x74,
  0x69,0x6f,0x6e,0x3b,0xa,0xa,0x20,0x20,0x20,0x20,0x20,0x20,0x20,0x20,0x2f,0x2f,
  0x20,0x56,0x65,0x63,0x74,0x6f,0x72,0x20,0x74,0x68,0x61,0x74,0x20,0x67,0x6f,0x65,
  0x73,0x20,0x66,0x72,0x6f,0x6d,0x20,0x74,0x68,0x65,0x20,0x76,0x65,0x72,0x74,0x65,
  0x78,0x20,0x74,0x6f,0x20,0x74,0x68,0x65,0x20,0x6c,0x69,0x67,0x68,0x74,0x2c,0x20,
  0x69,0x6e,0x20,0x76,0x69,0x65,0x77,0x20,0x73,0x70,0x61,0x63,0x65,0x2e,0xa,0x20,
  0x20,0x20,0x20,0x20,0x20,0x20,0x20,0x76,0x65,0x63,0x33,0x20,0x4c,0x69,0x67,0x68,
  0x74,0x44,0x69,0x72,0x65,0x63,0x74,0x69,0x6f,0x6e,0x5f,0x76,0x69,0x65,0x77,0x53,
  0x70,0x61,0x63,0x65,0x20,0x3d,0x20,0x4c,0x69,0x67,0x68,0x74,0x50,0x6f,0x73,0x69,
  0x74,0x69,0x6f,0x6e,0x5f,0x76,0x69,0x65,0x77,0x53,0x70,0x61,0x63,0x65,0x20,0x2d,
  0x20,0x76,0x50,0x6f,0x73,0x69,0x74,0x69,0x6f,0x6e,0x3b,0xa,0xa,0x20,0x20,0x20,
  0x20,0x20,0x20,0x20,0x20,0x2f,0x2f,0x20,0x44,0x69,0x73,0x74,0x61,0x6e,0x63,0x65,
  0x20,0x74,0x6f,0x20,0x74,0x68,0x65,0x20,0x6c,0x69,0x67,0x68,0x74,0xa,0x20,0x20,
  0x20,0x20,0x20,0x20,0x20,0x20,0x66,0x6c,0x6f,0x61,0x74,0x20,0x64,0x69,0x73,0x74,
  0x61,0x6e,0x63,0x65,0x20,0x3d,0x20,0x6c,0x65,0x6e,0x67,0x74,0x68,0x28,0x4c,0x69,
  0x67,0x68,0x74,0x50,0x6f,0x73,0x69,0x74,0x69,0x6f,0x6e,0x5f,0x76,0x69,0x65,0x77,
  0x53,0x70,0x61,0x63,0x65,0x20,0x2d,0x20,0x76,0x50,0x6f,0x73,0x69,0x74,0x69,0x6f,
  0x6e,0x29,0x3b,0xa,0xa,0x20,0x20,0x20,0x20,0x20,0x20,0x20,0x20,0x2f,0x2f,0x20,
  0x4e,0x6f,0x72,0x6d,0x61,0x6c,0x20,0x6f,0x66,0x20,0x74,0x68,0x65,0x20,0x63,0x6f,
  0x6d,0x70,0x75,0x74,0x65,0x64,0x20,0x66,0x72,0x61,0x67,0x6d,0x65,0x6e,0x74,0x2c,
  0x20,0x69,0x6e,0x20,0x76,0x69,0x65,0x77,0x53,0x70,0x61,0x63,0x65,0xa,0x20,0x20,
  0x20,0x20,0x20,0x20,0x20,0x20,0x76,0x65,0x63,0x33,0x20,0x4e,0x20,0x3d,0x20,0x6e,
  0x6f,0x72,0x6d,0x61,0x6c,0x69,0x7a,0x65,0x28,0x4e,0x6f,0x72,0x6d,0x61,0x6c,0x5f,
  0x76,0x69,0x65,0x77,0x53,0x70,0x61,0x63,0x65,0x29,0x3b,0xa,0xa,0x20,0x20,0x20,
  0x20,0x20,0x20,0x20,0x20,0x2f,0x2f,0x20,0x44,0x69,0x72,0x65,0x63,0x74,0x69,0x6f,
  0x6e,0x20,0x66,0x72,0x6f,0x6d,0x20,0x74,0x68,0x65,0x20,0x66,0x72,0x61,0x67,0x6d,
  0x65,0x6e,0x74,0x20,0x74,0x6f,0x20,0x74,0x68,0x65,0x20,0x6c,0x69,0x67,0x68,0x74,
  0xa,0x20,0x20,0x20,0x20,0x20,0x20,0x20,0x20,0x76,0x65,0x63,0x33,0x20,0x4c,0x20,
  0x3d,0x20,0x6e,0x6f,0x72,0x6d,0x61,0x6c,0x69,0x7a,0x65,0x28,0x4c,0x69,0x67,0x68,
  0x74,0x44,0x69,0x72,0x65,0x63,0x74,0x69,0x6f,0x6e,0x5f,0x76,0x69,0x65,0x77,0x53,
  0x70,0x61,0x63,0x65,0x29,0x3b,0xa,0xa,0x20,0x20,0x20,0x20,0x20,0x20,0x20,0x20,
  0x2f,0x2f,0x20,0x43,0x6f,0x73,0x69,0x6e,0x65,0x20,0x6f,0x66,0x20,0x74,0x68,0x65,
  0x20,0x61,0x6e,0x67,0x6c,0x65,0x20,0x62,0x65,0x74,0x77,0x65,0x65,0x6e,0x20,0x74,
  0x68,0x65,0x20,0x6e,0x6f,0x72,0x6d,0x61,0x6c,0x20,0x61,0x6e,0x64,0x20,0x74,0x68,
  0x65,0x20,0x6c,0x69,0x67,0x68,0x74,0x20,0x64,0x69,0x72,0x65,0x63,0x74,0x69,0x6f,
  0x6e,0x2c,0x20,0x63,0x6c,0x61,0x6d,0x70,0x65,0x64,0x20,0x61,0x62,0x6f,0x76,0x65,
  0x20,0x30,0xa,0x20,0x20,0x20,0x20,0x20,0x20,0x20,0x20,0x66,0x6c,0x6f,0x61,0x74,
  0x20,0x63,0x6f,0x73,0x54,0x68,0x65,0x74,0x61,0x20,0x3d,0x20,0x31,0x2e,0x30,0x3b,
  0xa,0x20,0x20,0x20,0x20,0x20,0x20,0x20,0x20,0x69,0x66,0x28,0x54,0x77,0x6f,0x53,
  0x69,0x64,0x65,0x64,0x3d,0x3d,0x30,0x29,0x20,0x63,0x6f,0x73,0x54,0x68,0x65,0x74,
  0x61,0x20,0x3d,0x20,0x63,0x6c,0x61,0x6d,0x70,0x28,0x64,0x6f,0x74,0x28,0x4e,0x2c,
  0x4c,0x29,0x2c,0x20,0x30,0x2e,0x30,0x2c,0x20,0x31,0x2e,0x30,0x29,0x3b,0xa,0x20,
  0x20,0x20,0x20,0x20,0x20,0x20,0x20,0x65,0x6c,0x73,0x65,0x20,0x20,0x20,0x20,0x20,
  0x20,0x20,0x20,0x20,0x20,0x20,0x20,0x63,0x6f,0x73,0x54,0x68,0x65,0x74,0x61,0x20,
  0x3d,0x20,0x61,0x62,0x73,0x28,0x64,0x6f,0x74,0x28,0x4e,0x2c,0x4c,0x29,0x29,0x3b,
  0x20,0x2f,0x2f,0x20,0x72,0x65,0x66,0x6c,0x65,0x63,0x74,0x69,0x6f,0x6e,0x20,0x6f,
  0x6e,0x20,0x62,0x6f,0x74,0x68,0x20,0x73,0x69,0x64,0x65,0x73,0x20,0x6f,0x66,0x20,
  0x74,0x68,0x65,0x20,0x73,0x75,0x72,0x66,0x61,0x63,0x65,0xa,0xa,0x20,0x20,0x20,
  0x20,0x20,0x20,0x20,0x20,0x2f,0x2f,0x20,0x44,0x69,0x72,0x65,0x63,0x74,0x69,0x6f,
  0x6e,0x20,0x66,0x72,0x6f,0x6d,0x20,0x74,0x68,0x65,0x20,0x76,0x65,0x72,0x74,0x65,
  0x78,0x20,0x74,0x6f,0x20,0x74,0x68,0x65,0x20,0x65,0x79,0x65,0x2c,0x20,0x69,0x6e,
  0x20,0x76,0x69,0x65,0x77,0x20,0x73,0x70,0x61,0x63,0x65,0x2e,0xa,0x20,0x20,0x20,
  0x20,0x20,0x20,0x20,0x20,0x76,0x65,0x63,0x33,0x20,0x45,0x20,0x3d,0x20,0x6e,0x6f,
  0x72,0x6d,0x61,0x6c,0x69,0x7a,0x65,0x28,0x45,0x79,0x65,0x44,0x69,0x72,0x65,0x63,
  0x74,0x69,0x6f,0x6e,0x5f,0x76,0x69,0x65,0x77,0x53,0x70,0x61,0x63,0x65,0x29,0x3b,
  0xa,0xa,0x20,0x20,0x20,0x20,0x20,0x20,0x20,0x20,0x2f,0x2f,0x20,0x44,0x69,0x72,
  0x65,0x63,0x74,0x69,0x6f,0x6e,0x20,0x69,0x6e,0x20,0x77,0x68,0x69,0x63,0x68,0x20,
  0x74,0x68,0x65,0x20,0x74,0x72,0x69,0x61,0x6e,0x67,0x6c,0x65,0x20,0x72,0x65,0x66,
  0x6c,0x65,0x63,0x74,0x73,0x20,0x74,0x68,0x65,0x20,0x6c,0x69,0x67,0x68,0x74,0xa,
  0x20,0x20,0x20,0x20,0x20,0x20,0x20,0x20,0x76,0x65,0x63,0x33,0x20,0x52,0x20,0x3d,
  0x20,0x72,0x65,0x66,0x6c,0x65,0x63,0x74,0x28,0x2d,0x4c,0x2c,0x4e,0x29,0x3b,0xa,
  0xa,0x20,0x20,0x20,0x20,0x20,0x20,0x20,0x20,0x2f,0x2f,0x20,0x43,0x6f,0x73,0x69,
  0x6e,0x65,0x20,0x6f,0x66,0x20,0x74,0x68,0x65,0x20,0x61,0x6e,0x67,0x6c,0x65,0x20,
  0x62,0x65,0x74,0x77,0x65,0x65,0x6e,0x20,0x74,0x68,0x65,0x20,0x45,0x79,0x65,0x20,
  0x76,0x65,0x63,0x74,0x6f,0x72,0x20,0x61,0x6e,0x64,0x20,0x74,0x68,0x65,0x20,0x52,
  0x65,0x66,0x6c,0x65,0x63,0x74,0x20,0x76,0x65,0x63,0x74,0x6f,0x72,0x2c,0xa,0x20,
  0x20,0x20,0x20,0x20,0x20,0x20,0x20,0x66,0x6c,0x6f,0x61,0x74,0x20,0x63,0x6f,0x73,
  0x41,0x6c,0x70,0x68,0x61,0x20,0x3d,0x20,0x63,0x6c,0x61,0x6d,0x70,0x28,0x64,0x6f,
  0x74,0x28,0x45,0x2c,0x52,0x29,0x2c,0x20,0x30,0x2e,0x30,0x2c,0x20,0x31,0x2e,0x30,
  0x29,0x3b,0xa,0xa,0x20,0x20,0x20,0x20,0x20,0x20,0x20,0x20,0x66,0x6c,0x6f,0x61,
  0x74,0x20,0x61,0x74,0x74,0x65,0x6e,0x75,0x61,0x74,0x69,0x6f,0x6e,0x5f,0x66,0x61,
  0x63,0x74,0x6f,0x72,0x20,0x3d,0x20,0x63,0x6c,0x61,0x6d,0x70,0x28,0x31,0x2e,0x30,
  0x2f,0x28,0x4b,0x63,0x20,0x2b,0x20,0x4b,0x6c,0x2a,0x64,0x69,0x73,0x74,0x61,0x6e,
  0x63,0x65,0x20,0x2b,0x20,0x4b,0x71,0x2a,0x64,0x69,0x73,0x74,0x61,0x6e,0x63,0x65,
  0x2a,0x64,0x69,0x73,0x74,0x61,0x6e,0x63,0x65,0x29,0x2c,0x20,0x30,0x2e,0x30,0x30,
  0x30,0x30,0x31,0x2c,0x20,0x31,0x2e,0x30,0x29,0x3b,0xa,0xa,0x20,0x20,0x20,0x20,
  0x20,0x20,0x20,0x20,0x66,0x72,0x61,0x67,0x43,0x6f,0x6c,0x6f,0x72,0x20,0x3d,0xa,
  0x20,0x20,0x20,0x20,0x20,0x20,0x20,0x20,0x20,0x20,0x20,0x20,0x20,0x20,0x20,0x20,
  0x20,0x20,0x4d,0x61,0x74,0x65,0x72,0x69,0x61,0x6c,0x41,0x6d,0x62,0x69,0x65,0x6e,
  0x74,0x43,0x6f,0x6c,0x6f,0x72,0x20,0x20,0x2a,0x20,0x4c,0x69,0x67,0x68,0x74,0x43,
  0x6f,0x6c,0x6f,0x72,0x20,0x2b,0xa,0x20,0x20,0x20,0x20,0x20,0x20,0x20,0x20,0x20,
  0x20,0x20,0x20,0x20,0x20,0x20,0x20,0x20,0x28,0x4d,0x61,0x74,0x65,0x72,0x69,0x61,
  0x6c,0x44,0x69,0x66,0x66,0x75,0x73,0x65,0x43,0x6f,0x6c,0x6f,0x72,0x20,0x20,0x2a,
  0x20,0x4c,0x69,0x67,0x68,0x74,0x44,0x69,0x66,0x66,0x75,0x73,0x65,0x20,0x20,0x2a,
  0x20,0x63,0x6f,0x73,0x54,0x68,0x65,0x74,0x61,0x29,0x20,0x20,0x20,0x20,0x20,0x20,
  0x20,0x20,0x20,0x20,0x20,0x20,0x20,0x20,0x20,0x20,0x20,0x20,0x20,0x20,0x20,0x20,
  0x20,0x20,0x20,0x2a,0x20,0x4c,0x69,0x67,0x68,0x74,0x43,0x6f,0x6c,0x6f,0x72,0x20,
  0x2a,0x20,0x61,0x74,0x74,0x65,0x6e,0x75,0x61,0x74,0x69,0x6f,0x6e,0x5f,0x66,0x61,
  0x63,0x74,0x6f,0x72,0xa,0x20,0x20,0x20,0x20,0x20,0x20,0x20,0x20,0x20,0x20,0x20,
  0x20,0x20,0x20,0x20,0x20,0x2b,0x28,0x4d,0x61,0x74,0x65,0x72,0x69,0x61,0x6c,0x53,
  0x70,0x65,0x63,0x75,0x6c,0x61,0x72,0x43,0x6f,0x6c,0x6f,0x72,0x20,0x2a,0x20,0x4c,
  0x69,0x67,0x68,0x74,0x53,0x70,0x65,0x63,0x75,0x6c,0x61,0x72,0x20,0x2a,0x20,0x70,
  0x6f,0x77,0x28,0x63,0x6f,0x73,0x41,0x6c,0x70,0x68,0x61,0x2c,0x20,0x4d,0x61,0x74,
  0x65,0x72,0x69,0x61,0x6c,0x53,0x68,0x69,0x6e,0x69,0x6e,0x65,0x73,0x73,0x29,0x29,
  0x20,0x2a,0x20,0x4c,0x69,0x67,0x68,0x74,0x43,0x6f,0x6c,0x6f,0x72,0x20,0x2a,0x20,
  0x61,0x74,0x74,0x65,0x6e,0x75,0x61,0x74,0x69,0x6f,0x6e,0x5f,0x66,0x61,0x63,0x74,
  0x6f,0x72,0x3b,0xa,0x20,0x20,0x20,0x20,0x7d,0xa,0x20,0x20,0x20,0x20,0x65,0x6c,
  0x73,0x65,0xa,0x20,0x20,0x20,0x20,0x7b,0xa,0x20,0x20,0x20,0x20,0x20,0x20,0x20,
  0x20,0x66,0x72,0x61,0x67,0x43,0x6f,0x6c,0x6f,0x72,0x20,0x20,0x3d,0x20,0x76,0x65,
  0x72,0x74,0x65,0x78,0x63,0x6f,0x6c,0x6f,0x72,0x3b,0xa,0x20,0x20,0x20,0x20,0x7d,
  0xa,0x7d,0xa,
    // point_GS.glsl
  0x0,0x0,0x6,0xf2,
  0x28,
  0xb5,0x2f,0xfd,0x60,0x3b,0x40,0x45,0x37,0x0,0xb6,0x39,0xa9,0x27,0xe0,0x92,0x3a,
  0x7,0x48,0x81,0x69,0x14,0xf6,0x96,0xe3,0x65,0xf9,0xb8,0x36,0x9f,0x46,0x32,0xdb,
  0x5c,0x8a,0x65,0xa8,0x56,0xc4,0x34,0x73,0x7e,0x6c,0x88,0x9c,0x82,0xa5,0xc,0x66,
  0x18,0xa6,0x79,0x38,0x97,0x0,0xa0,0x0,0x9c,0x0,0xd6,0x37,0x42,0x6d,0x76,0xdc,
  0xd,0x3,0x29,0x26,0xfb,0xd7,0xd6,0xa,0xe7,0x4f,0x45,0xc9,0xcd,0x55,0x4a,0x5c,
  0x2e,0xb6,0x61,0x47,0x76,0x76,0xc2,0x8c,0xe2,0xb5,0x6e,0xdc,0xb0,0x38,0xab,0x78,
  0x43,0xa9,0x61,0x4d,0xe5,0xd4,0x2c,0x5b,0x7c,0xb2,0x36,0x43,0x75,0x10,0x62,0xcb,
  0xcc,0xb,0xf4,0xc6,0x91,0x3b,0x54,0x30,0xbd,0x57,0xd1,0xac,0x18,0xd2,0x74,0xa,
  0x86,0x87,0x86,0x8,0x5,0x87,0x89,0x8a,0x88,0x6f,0x64,0x6c,0x2f,0x0,0xe7,0x95,
  0x77,0xaf,0xab,0x61,0x22,0x64,0xda,0x8f,0xd8,0xc,0x37,0x6f,0x4c,0xe7,0xe9,0xce,
  0xb7,0x8c,0x8f,0xe8,0x5e,0x30,0xab,0x5f,0x4d,0x66,0x9a,0x6f,0xd6,0xa7,0x12,0x7b,
  0xe5,0xd7,0xb5,0xb8,0x31,0x3a,0xb8,0x9d,0x42,0x71,0x1c,0x87,0x8a,0x7c,0xa8,0x76,
  0x64,0x39,0x9f,0xe6,0xe4,0x6,0x6a,0x8e,0x23,0x55,0x2a,0x8f,0x92,0x2b,0xdd,0xc,
  0x40,0x74,0x2d,0x9a,0x37,0x6,0x69,0x72,0x91,0xaa,0x7f,0x3e,0xeb,0xb9,0x17,0xa5,
  0xa1,0xbc,0x63,0xd3,0x4d,0x32,0x57,0x65,0xfa,0x86,0x5,0x33,0x1e,0xa5,0x45,0x55,
  0xc7,0xd0,0x30,0xef,0xbd,0x17,0x79,0x91,0xeb,0x3,0xe9,0x2a,0x2d,0x8a,0x80,0x65,
  0x60,0x32,0xb0,0x3c,0x81,0x37,0xa9,0x40,0xa4,0xc9,0x4,0x81,0x34,0x9e,0xea,0x1a,
  0x18,0xb0,0x17,0x8a,0x44,0x10,0x34,0x4e,0x49,0x95,0xc6,0x73,0xc1,0xed,0x1a,0x59,
  0xd6,0x9e,0x6b,0x59,0xb0,0xae,0xbc,0xae,0x55,0xd,0xc3,0xcd,0xc8,0xd,0x1f,0x21,
  0x76,0xf8,0xdd,0x80,0x5e,0x24,0x45,0xd2,0x53,0x7d,0xd2,0xb5,0x28,0xc8,0xab,0xd7,
  0xcc,0xff,0x3b,0x1e,0xe,0xb4,0x61,0x65,0x1d,0x55,0x69,0x6d,0xe6,0x89,0x12,0x3,
  0x3b,0xae,0x44,0xf3,0xb6,0xbf,0x58,0x66,0x28,0xcc,0xa6,0x6,0xa9,0x4d,0x73,0x8d,
  0x7b,0x51,0x6b,0xc1,0x49,0xa1,0x59,0xce,0x60,0x68,0x30,0x2,0x13,0x79,0x4e,0xd6,
  0x2,0xd3,0xbb,0x48,0x5a,0x7c,0x74,0x19,0xa8,0x5c,0x54,0x8e,0x2f,0x48,0x29,0x7,
  0x9,0x7a,0x6d,0x6,0xab,0xb4,0x1c,0x3a,0x47,0x32,0x65,0x47,0xaf,0xbb,0xed,0xa5,
  0x12,0xdb,0xc,0xc,0xdc,0xb6,0x99,0x6a,0x76,0x23,0x6b,0xce,0xc9,0xcd,0x25,0xc5,
  0xa4,0x2e,0xa7,0x5d,0x91,0x7b,0x64,0xd8,0x75,0xb5,0xc,0xc8,0x14,0xce,0x47,0x56,
  0xe4,0xb0,0x57,0xce,0x34,0xd,0x5a,0x98,0xc2,0xe4,0x75,0x6c,0x1e,0x69,0x28,0xdd,
  0xc4,0x81,0x3c,0x32,0x26,0x21,0x91,0xd7,0x5f,0x7a,0xf4,0x24,0x8f,0x5e,0xa4,0x3a,
  0xf6,0x29,0xfb,0x51,0x47,0x49,0x31,0xc9,0xe6,0xd1,0x26,0xbb,0x65,0xc6,0xbb,0x52,
  0xc6,0xea,0xb5,0xbd,0x24,0xd5,0x75,0x54,0x2f,0x35,0x7d,0x4c,0xe4,0xca,0x3d,0x13,
  0xe5,0xaf,0xb5,0xf6,0xe2,0x8a,0x69,0x30,0xdb,0xc,0x6e,0xe1,0xc3,0xf9,0x78,0x24,
  0xae,0x28,0x41,0xd1,0x26,0xea,0x26,0x94,0x27,0xf2,0xa7,0xdb,0xe,0x8e,0xf3,0x31,
  0x3d,0x6a,0x3,0x2e,0xcd,0x90,0xbe,0x15,0x5a,0x7,0xad,0x71,0x10,0xdb,0x27,0xb3,
  0x9a,0x35,0x35,0xeb,0x8b,0x35,0xcf,0x3c,0xe0,0xbd,0xf2,0x7b,0xfe,0xc9,0x2a,0x4d,
  0x24,0xe9,0x51,0xa0,0x49,0xe4,0x27,0x32,0xdc,0xaa,0xd6,0x36,0xe3,0x1a,0x64,0x2a,
  0x1b,0x72,0x1c,0x1b,0xb1,0x3c,0x89,0x24,0x41,0x60,0x9a,0x22,0x6f,0xb2,0x4,0x40,
  0x6f,0x62,0x4a,0x7a,0xd5,0xc5,0x35,0x37,0xd4,0xbe,0xb3,0xf2,0xb6,0xd9,0x23,0xdd,
  0xb8,0x49,0x8a,0x65,0x78,0xb3,0x86,0x91,0x2f,0x2a,0x2b,0x94,0x4a,0x27,0x4d,0x1f,
  0x90,0x25,0xc2,0x8f,0x4,0x8a,0xc,0x54,0x9e,0x8e,0xea,0x32,0x6d,0xaa,0xcb,0xeb,
  0xaa,0x8b,0x14,0x61,0x48,0x47,0xe4,0xba,0x29,0x78,0x14,0x7,0x9,0x8,0x5f,0x4,
  0x10,0xe8,0x90,0x77,0x6c,0x41,0x60,0x96,0x2a,0xbe,0x20,0xcb,0x44,0x7a,0x22,0x6c,
  0xf8,0x2a,0x36,0x94,0xaa,0x8e,0x4d,0x24,0x55,0x9d,0xc4,0x22,0x50,0xe1,0x24,0x45,
  0x81,0xce,0xa8,0xb1,0xa9,0x43,0x23,0x33,0x22,0x92,0x24,0x29,0x64,0x3a,0x61,0xc,
  0x42,0x98,0x83,0xe,0xb3,0xe3,0xe,0xb2,0x70,0x38,0xca,0x72,0x14,0xd,0x21,0x82,
  0x8,0x81,0xc4,0x10,0x42,0x88,0x48,0x20,0x22,0x91,0x48,0x20,0x12,0x48,0x20,0x12,
  0x24,0xe9,0x6,0x9f,0xf3,0x7c,0x30,0xe4,0xca,0x65,0xc3,0x29,0xe,0xca,0xe3,0x2f,
  0xab,0x9c,0xba,0x20,0x92,0x56,0xaf,0x4a,0xa,0xc0,0xae,0x71,0x25,0xcd,0xff,0x9c,
  0x76,0x30,0x64,0x90,0xdc,0x99,0x2f,0xdf,0x9,0xf1,0xdf,0x9b,0xfb,0xca,0x22,0xd,
  0x47,0x75,0xfa,0xb7,0xc7,0xd0,0x28,0x6b,0x5c,0xdb,0xab,0xc3,0xb0,0xfc,0xe0,0xf6,
  0x6f,0x22,0xec,0x5b,0xc2,0xbb,0x3e,0x11,0x1a,0xe3,0x62,0xa,0xc0,0x4e,0xe5,0x55,
  0x2c,0xb1,0x2d,0x71,0xae,0xcd,0x45,0x19,0xe2,0xe5,0xcd,0xd6,0xf7,0xfa,0xb2,0x4d,
  0xd8,0x15,0xfe,0xb4,0x31,0x66,0x64,0xbf,0xf6,0x31,0x94,0x1d,0x6f,0x3d,0xd9,0x9e,
  0xbe,0xae,0xe4,0xc9,0x83,0x3,0x43,0x6d,0x7b,0xe2,0x98,0xc3,0xba,0xdb,0x18,0x2c,
  0x90,0x73,0x26,0xd8,0x82,0xc7,0x8,0x2,0x5b,0x78,0x70,0x40,0x50,0x1c,0xb0,0xb5,
  0xaf,0x39,0xa0,0x66,0x21,0x26,0x58,0x88,0xc5,0x6e,0xf8,0xb7,0xab,0x27,0xdd,0x2d,
  0x78,0x8b,0x6e,0x6e,0xfd,0x7,0x1b,0xc1,0xdc,0x72,0x25,0x1b,0x5f,0x28,0x0,0x70,
  0xf7,0xe9,0xc,0x0,0xc5,0xf0,0x6d,0x3e,0xbb,0x7a,0x8e,0xe9,0x2d,0xe,0x76,0xaf,
  0xfd,0x93,0x5b,0x42,0xdc,0x5e,0xa8,0xb1,0x37,0x34,0xd2,0x79,0x5e,0xf9,0x85,0x88,
  0x68,0x56,0xc7,0xef,0xdc,0x75,0x7c,0x35,0x94,0xdc,0x2e,0xd1,0x9f,0x3,0xfa,0x1c,
  0x27,0xb0,0xea,0xa5,0x15,0x87,0xa4,0xc8,0xa6,0x81,0x5f,0x14,0x31,0x73,0x47,0x4d,
  0x9a,0xc8,0xba,0xb9,0xe7,0x10,0x64,0xb3,0xd,0x7c,0xb,0x3c,0x8e,0x79,0xe3,0x5f,
  0x73,0x82,0x17,0x77,0x11,0x96,0xe1,0x13,0xf9,0x9d,0xaa,0x26,0x86,0x99,0x4e,0x4d,
  0xc9,0xc9,0x51,0x23,0xff,0xe4,0xff,0x55,0x12,0x13,0x60,0x6e,0x71,0xa0,0xdc,0xdf,
  0xe3,0xb2,0x81,0x72,0x3,0x66,0x27,0xfa,0xe4,0xab,0x99,0xf6,0x79,0x67,0x4a,0xd0,
  0x40,0x71,0xcc,0x58,0xd9,0x71,0xa6,0xd5,0x69,0x96,0xb9,0x47,0x9d,0xd8,0x98,0x5c,
  0xa4,0x57,0xd,0x59,0xd9,0x20,0x9c,0x52,0x83,0xbb,0x81,0x84,0xc6,0x65,0xce,0xe7,
  0xdc,0x32,0x82,0xf3,0x11,0x23,0xf9,0xad,0xe1,0xc2,0xb,0xe8,0xa5,0x61,0xa4,0xb8,
  0xd8,0x82,0x3e,0xf5,0x6,0x5c,0x97,0xb0,0xb0,0xb0,0xfa,0xbe,0x9e,0x1,0x35,0x55,
  0x44,0x0,0xdb,0x11,0xa5,0x4c,0xaf,0xbd,0x4,0x44,0x60,0x7c,0xef,0x67,0x5e,0xa9,
  0xe5,0x45,0xe,0x15,0x0,0xce,0x60,0x56,0xe,0xfb,0x1e,0xb2,0x90,0x1d,0x78,0xf6,
  0xb5,0xf3,0x5b,0xbc,0x85,0xe0,0x30,0xc,0x32,0x16,0xe1,0xe0,0x36,0xe8,0xbc,0x92,
  0x84,0xc,0xa1,0x4c,0x6e,0x80,0xcc,0x64,0x63,0x6d,0x9f,0x4d,0x43,0xf4,0x96,0x44,
  0x2,0x11,0x48,0xe9,0x1a,0x78,0xdc,0xc2,0xab,0xa8,0x95,0xe1,0xa6,0x46,0x54,0x5b,
  0x2b,0x94,0x16,0x42,0x18,0x3e,0x3b,0x88,0x52,0x5,0xdc,0xa7,0xa6,0x76,0xbd,0xfd,
  0x5c,0xc6,0x86,0x66,0x46,0x42,0x1f,0xf1,0xdd,0xa9,0xf5,0x2b,0xfc,0x86,0x15,0x19,
  0x1f,0xb6,0xd,0xd4,0x74,0xb2,0x34,0x13,0xa,0xac,0x15,0xbd,0x27,0xf6,0x14,0xef,
  0x4,0xb0,0x6d,0xea,0xe,0x76,0xf5,0x43,0x8e,0x23,0x7f,0xc,0x50,0x28,0x43,0x86,
  0xc7,0xf,0x4d,0xca,0xb2,0x78,0x9e,0x7d,0x73,0x98,0xd,0x2f,0xce,0xad,0xb1,0xcd,
  0x7b,0xfb,0xf3,0x96,0x34,0x79,0x5,0x72,0x1a,0x87,0xd6,0xe2,0x85,0xa7,0x38,0x96,
  0xc5,0x6,0x5b,0xe1,0x7f,0xcb,0x59,0x9f,0x25,0xfe,0x8d,0x7f,0x53,0x6c,0xde,0x92,
  0x8a,0xe0,0x8a,0x31,0xb9,0x80,0xdb,0xcb,0x38,0xe2,0x4b,0xae,0xd7,0x84,0xcb,0xba,
  0x89,0xd,0xe4,0xfa,0x86,0x8,0xf2,0xb,0xd0,0xc4,0x55,0x27,0x20,0xf2,0x96,0x97,
  0x7e,0x8c,0x7e,0x10,0xdd,0x45,0xdb,0x59,0x17,0x6a,0xc4,0x9b,0x21,0x37,0x78,0xec,
  0x8b,0x6a,0xf0,0xbe,0x9c,0x1c,0xe3,0x67,0x90,0xb8,0x47,0x7e,0xa,0xda,0xd0,0x8f,
  0xdc,0xff,0x84,0x47,0x72,0x5e,0x45,0x93,0xd3,0xf3,0x8d,0xc3,0xba,0xf0,0x6,0x6,
  0x72,0x40,0xd8,0xc7,0x7,0xa0,0xf3,0xb1,0xbb,0x6d,0x80,0x2d,0xa6,0x41,0xb4,0x1a,
  0x6,0xe1,0xea,0x4c,0xed,0x17,0x87,0x79,0xf6,0x88,0x83,0xd0,0xb9,0x46,0xd,0xca,
  0xbc,0x42,0x22,0x91,0x4d,0xd0,0xc1,0x9e,0x37,0xf6,0x9,0x14,0xf2,0xa6,0x82,0x34,
  0x55,0xff,0x37,0xfc,0x76,0xed,0x9c,0xc1,0xbf,0x1,0x5c,0xc6,0x69,0xb6,0x59,0x7,
  0x14,0xdb,0xf8,0x36,0x6e,0x20,0x9c,0xc9,0xdb,0x89,0x15,0x9f,0x8c,0xd4,0x37,0x90,
  0x5,0xd4,0xf6,0x67,0xc0,0xb9,0xc2,0x97,0x11,0x47,0xb5,0x1b,0xcb,0x50,0x66,0xb9,
  0x38,0xe,0xcd,0x86,0x71,0x16,0x2d,0x72,0xe7,0xf2,0x3b,0x85,0x27,0x82,0x56,0xf1,
  0xc8,0xc2,0x9d,0xcc,0xe,0x4e,0xe3,0x67,0x1b,0x7e,0x34,0xcd,0x26,0x80,0x3,0x2d,
  0xd5,0xe,0x86,0x64,0x81,0xaa,0xf9,0xd5,0x2a,0xe0,0x10,0x7,0x82,0x73,0xbf,0xf6,
  0xe5,0x5c,0x91,0xab,0xce,0xa3,0x3c,0x42,0x47,0x85,0xa7,0x36,0x62,0x41,0xc8,0xea,
  0xd7,0xb0,0x52,0x57,0x12,0x3d,0x2c,0xd5,0x62,0x98,0x4b,0x93,0xa1,0xd3,0x44,0x8,
  0x92,0xd5,0x1,0xee,0xbb,0xac,0xc0,0x3b,0x78,0xd5,0xda,0xe,0x98,0x6a,0x53,0x38,
  0x76,0x42,0xa7,0xf4,0x3e,0xf0,0x38,0xb3,0x46,0x6e,0xda,0x23,0x1b,0xe3,0x87,0x5,
  0x99,0x28,0x89,0xd,0x42,0x7b,0x96,0x86,0xae,0x1f,0x54,0xd2,0x3e,0x32,0xc6,0x1e,
  0xa0,0x38,0x9,0xfb,0x97,0x83,0x27,0x63,0x7b,0xb7,0x26,0x19,0x1a,0x71,0x58,0x6b,
  0x9e,0x41,0x72,0x78,0x92,0x6b,0x44,0x9f,0x3,0xbb,0xd3,0xc1,0x3c,0x46,0x8f,0x15,
  0xc2,0xfc,0x9d,0x72,0xb8,0xc4,0x50,0x70,0xf0,0x70,0x5c,0x82,0x81,0x48,0xd8,0xc4,
  0xe,0x26,0x58,0x2a,0x66,0xfe,0x9b,0x10,0xa4,0x37,0x71,0x5e,0xc,0x87,0x97,0x6,
  0x6d,0x90,0x0,0xf8,0xb9,0xcb,0x33,0xd9,0x7a,0xd9,0xae,0xce,0x98,0xd9,0x4a,0x5c,
  0xce,0xd3,0x44,0x9c,0x8c,0x17,0x30,0x3,0xd1,0x70,0xf1,0x19,0xfd,0x9,0x4e,0xaa,
  0x89,0x2a,0x70,0x2f,0xda,0x5,0xdf,0x7,0xa6,0xbe,0xc4,0x64,0x6d,0x4e,0x1,0xe0,
  0xf8,0x18,0x6f,0xd4,0xc9,0xf1,0xf8,0x51,0x8e,0xca,0x23,0x1c,0xa4,0x95,0x3a,0x46,
  0x4b,0x49,0xe8,0xb0,0x96,0xd1,0xb6,0x21,0x57,0xc,0x29,0xc,0x32,0x67,0xf8,0x80,
  0x41,0x1,0xac,0x4b,0x58,0x5b,0x29,0xba,0x46,0x2a,0x8b,0xc4,0x71,0xed,0x2f,0xa1,
  0xe6,0x16,0xe8,0x46,0x8d,0x15,0x14,0x3f,0x85,0x94,0x82,0x8f,0x54,0x62,0x72,0x43,
  0xd,
    // point_VS.glsl
  0x0,0x0,0x0,0xd7,
  0x23,
  0x76,0x65,0x72,0x73,0x69,0x6f,0x6e,0x20,0x33,0x33,0x30,0xa,0xa,0x2f,0x2f,0x74,
  0x68,0x65,0x20,0x70,0x6f,0x69,0x6e,0x74,0x20,0x76,0x65,0x72,0x74,0x65,0x78,0x20,
  0x73,0x68,0x61,0x64,0x65,0x72,0xa,0x69,0x6e,0x20,0x76,0x65,0x63,0x34,0x20,0x76,
  0x65,0x72,0x74,0x65,0x78,0x50,0x6f,0x73,0x69,0x74,0x69,0x6f,0x6e,0x5f,0x6d,0x6f,
  0x64,0x65,0x6c,0x53,0x70,0x61,0x63,0x65,0x3b,0xa,0x69,0x6e,0x20,0x66,0x6c,0x6f,
  0x61,0x74,0x20,0x50,0x6f,0x69,0x6e,0x74,0x53,0x74,0x61,0x74,0x65,0x3b,0xa,0xa,
  0x6f,0x75,0x74,0x20,0x66,0x6c,0x6f,0x61,0x74,0x20,0x70,0x6f,0x69,0x6e,0x74,0x73,
  0x74,0x61,0x74,0x65,0x3b,0xa,0xa,0x76,0x6f,0x69,0x64,0x20,0x6d,0x61,0x69,0x6e,
  0x28,0x76,0x6f,0x69,0x64,0x29,0xa,0x7b,0xa,0x20,0x20,0x20,0x20,0x67,0x6c,0x5f,
  0x50,0x6f,0x73,0x69,0x74,0x69,0x6f,0x6e,0x20,0x3d,0x20,0x20,0x76,0x65,0x72,0x74,
  0x65,0x78,0x50,0x6f,0x73,0x69,0x74,0x69,0x6f,0x6e,0x5f,0x6d,0x6f,0x64,0x65,0x6c,
  0x53,0x70,0x61,0x63,0x65,0x3b,0xa,0x20,0x20,0x20,0x20,0x70,0x6f,0x69,0x6e,0x74,
  0x73,0x74,0x61,0x74,0x65,0x20,0x3d,0x20,0x50,0x6f,0x69,0x6e,0x74,0x53,0x74,0x61,
  0x74,0x65,0x3b,0xa,0x7d,0xa,
    // point2_VS.glsl
  0x0,0x0,0x1,0xca,
  0x23,
  0x76,0x65,0x72,0x73,0x69,0x6f,0x6e,0x20,0x33,0x33,0x30,0xa,0xa,0xa,0x75,0x6e,
  0x69,0x66,0x6f,0x72,0x6d,0x20,0x6d,0x61,0x74,0x34,0x20,0x70,0x76,0x6d,0x4d,0x61,
  0x74,0x72,0x69,0x78,0x3b,0xa,0x75,0x6e,0x69,0x66,0x6f,0x72,0x6d,0x20,0x6d,0x61,
  0x74,0x34,0x20,0x76,0x6d,0x4d,0x61,0x74,0x72,0x69,0x78,0x3b,0xa,0x69,0x6e,0x20,
  0x76,0x65,0x63,0x34,0x20,0x76,0x65,0x72,0x74,0x65,0x78,0x50,0x6f,0x73,0x69,0x74,
  0x69,0x6f,0x6e,0x5f,0x6d,0x6f,0x64,0x65,0x6c,0x53,0x70,0x61,0x63,0x65,0x3b,0xa,
  0x69,0x6e,0x20,0x76,0x65,0x63,0x34,0x20,0x76,0x65,0x72,0x74,0x65,0x78,0x43,0x6f,
  0x6c,0x6f,0x72,0x3b,0xa,0xa,0x75,0x6e,0x69,0x66,0x6f,0x72,0x6d,0x20,0x66,0x6c,
  0x6f,0x61,0x74,0x20,0x70,0x6f,0x69,0x6e,0x74,0x73,0x69,0x7a,0x65,0x3b,0xa,0xa,
  0x6f,0x75,0x74,0x20,0x76,0x65,0x63,0x34,0x20,0x70,0x6f,0x69,0x6e,0x74,0x63,0x6f,
  0x6c,0x6f,0x72,0x3b,0xa,0x6f,0x75,0x74,0x20,0x76,0x65,0x63,0x33,0x20,0x50,0x6f,
  0x73,0x69,0x74,0x69,0x6f,0x6e,0x5f,0x76,0x69,0x65,0x77,0x53,0x70,0x61,0x63,0x65,
  0x3b,0xa,0xa,0x76,0x6f,0x69,0x64,0x20,0x6d,0x61,0x69,0x6e,0x28,0x76,0x6f,0x69,
  0x64,0x29,0xa,0x7b,0xa,0x20,0x20,0x20,0x20,0x67,0x6c,0x5f,0x50,0x6f,0x73,0x69,
  0x74,0x69,0x6f,0x6e,0x20,0x3d,0x20,0x20,0x70,0x76,0x6d,0x4d,0x61,0x74,0x72,0x69,
  0x78,0x20,0x2a,0x20,0x76,0x65,0x63,0x34,0x28,0x76,0x65,0x72,0x74,0x65,0x78,0x50,
  0x6f,0x73,0x69,0x74,0x69,0x6f,0x6e,0x5f,0x6d,0x6f,0x64,0x65,0x6c,0x53,0x70,0x61,
  0x63,0x65,0x2e,0x78,0x79,0x7a,0x2c,0x20,0x31,0x2e,0x30,0x66,0x29,0x3b,0xa,0x20,
  0x20,0x20,0x20,0x76,0x65,0x63,0x34,0x20,0x76,0x73,0x50,0x6f,0x73,0x20,0x3d,0x20,
  0x76,0x6d,0x4d,0x61,0x74,0x72,0x69,0x78,0x20,0x2a,0x20,0x76,0x65,0x63,0x34,0x28,
  0x76,0x65,0x72,0x74,0x65,0x78,0x50,0x6f,0x73,0x69,0x74,0x69,0x6f,0x6e,0x5f,0x6d,
  0x6f,0x64,0x65,0x6c,0x53,0x70,0x61,0x63,0x65,0x2e,0x78,0x79,0x7a,0x2c,0x20,0x31,
  0x2e,0x30,0x66,0x29,0x3b,0xa,0x20,0x20,0x20,0x20,0x50,0x6f,0x73,0x69,0x74,0x69,
  0x6f,0x6e,0x5f,0x76,0x69,0x65,0x77,0x53,0x70,0x61,0x63,0x65,0x20,0x3d,0x20,0x76,
  0x73,0x50,0x6f,0x73,0x2e,0x78,0x79,0x7a,0x3b,0xa,0xa,0x20,0x20,0x20,0x20,0x67,
  0x6c,0x5f,0x50,0x6f,0x69,0x6e,0x74,0x53,0x69,0x7a,0x65,0x20,0x3d,0x20,0x70,0x6f,
  0x69,0x6e,0x74,0x73,0x69,0x7a,0x65,0x3b,0xa,0x20,0x20,0x20,0x20,0x70,0x6f,0x69,
  0x6e,0x74,0x63,0x6f,0x6c,0x6f,0x72,0x20,0x3d,0x20,0x76,0x65,0x72,0x74,0x65,0x78,
  0x43,0x6f,0x6c,0x6f,0x72,0x3b,0xa,0x7d,0xa,
    // point2_FS.glsl
  0x0,0x0,0x2,0xa7,
  0x23,
  0x76,0x65,0x72,0x73,0x69,0x6f,0x6e,0x20,0x33,0x33,0x30,0xa,0xa,0x75,0x6e,0x69,
  0x66,0x6f,0x72,0x6d,0x20,0x69,0x6e,0x74,0x20,0x48,0x61,0x73,0x55,0x6e,0x69,0x43,
  0x6f,0x6c,0x6f,0x72,0x3b,0xa,0x75,0x6e,0x69,0x66,0x6f,0x72,0x6d,0x20,0x76,0x65,
  0x63,0x34,0x20,0x55,0x6e,0x69,0x66,0x6f,0x72,0x6d,0x43,0x6f,0x6c,0x6f,0x72,0x3b,
  0xa,0xa,0x75,0x6e,0x69,0x66,0x6f,0x72,0x6d,0x20,0x66,0x6c,0x6f,0x61,0x74,0x20,
  0x63,0x6c,0x69,0x70,0x50,0x6c,0x61,0x6e,0x65,0x30,0x3b,0x20,0x2f,0x2f,0x20,0x64,
  0x65,0x66,0x69,0x6e,0x65,0x64,0x20,0x69,0x6e,0x20,0x76,0x69,0x65,0x77,0x2d,0x73,
  0x70,0x61,0x63,0x65,0xa,0xa,0x69,0x6e,0x20,0x76,0x65,0x63,0x33,0x20,0x50,0x6f,
  0x73,0x69,0x74,0x69,0x6f,0x6e,0x5f,0x76,0x69,0x65,0x77,0x53,0x70,0x61,0x63,0x65,
  0x3b,0xa,0x69,0x6e,0x20,0x76,0x65,0x63,0x34,0x20,0x70,0x6f,0x69,0x6e,0x74,0x63,
  0x6f,0x6c,0x6f,0x72,0x3b,0xa,0xa,0x6c,0x61,0x79,0x6f,0x75,0x74,0x28,0x6c,0x6f,
  0x63,0x61,0x74,0x69,0x6f,0x6e,0x3d,0x30,0x29,0x20,0x6f,0x75,0x74,0x20,0x76,0x65,
  0x63,0x34,0x20,0x66,0x72,0x61,0x67,0x43,0x6f,0x6c,0x6f,0x72,0x3b,0xa,0xa,0xa,
  0x76,0x6f,0x69,0x64,0x20,0x6d,0x61,0x69,0x6e,0x28,0x76,0x6f,0x69,0x64,0x29,0xa,
  0x7b,0xa,0x20,0x20,0x20,0x20,0x69,0x66,0x20,0x28,0x50,0x6f,0x73,0x69,0x74,0x69,
  0x6f,0x6e,0x5f,0x76,0x69,0x65,0x77,0x53,0x70,0x61,0x63,0x65,0x2e,0x7a,0x20,0x3e,
  0x20,0x63,0x6c,0x69,0x70,0x50,0x6c,0x61,0x6e,0x65,0x30,0x29,0xa,0x20,0x20,0x20,
  0x20,0x7b,0xa,0x20,0x20,0x20,0x20,0x20,0x20,0x20,0x20,0x64,0x69,0x73,0x63,0x61,
  0x72,0x64,0x3b,0xa,0x20,0x20,0x20,0x20,0x20,0x20,0x20,0x20,0x72,0x65,0x74,0x75,
  0x72,0x6e,0x3b,0xa,0x20,0x20,0x20,0x20,0x7d,0xa,0xa,0x20,0x20,0x20,0x20,0x76,
  0x65,0x63,0x32,0x20,0x63,0x6f,0x6f,0x72,0x64,0x20,0x3d,0x20,0x67,0x6c,0x5f,0x50,
  0x6f,0x69,0x6e,0x74,0x43,0x6f,0x6f,0x72,0x64,0x20,0x2d,0x20,0x76,0x65,0x63,0x32,
  0x28,0x30,0x2e,0x35,0x29,0x3b,0x20,0x20,0x2f,0x2f,0x66,0x72,0x6f,0x6d,0x20,0x5b,
  0x30,0x2c,0x31,0x5d,0x20,0x74,0x6f,0x20,0x5b,0x2d,0x30,0x2e,0x35,0x2c,0x30,0x2e,
  0x35,0x5d,0xa,0x20,0x20,0x20,0x20,0x69,0x66,0x28,0x6c,0x65,0x6e,0x67,0x74,0x68,
  0x28,0x63,0x6f,0x6f,0x72,0x64,0x29,0x20,0x3e,0x20,0x30,0x2e,0x35,0x29,0x20,0x20,
  0x20,0x20,0x20,0x20,0x20,0x20,0x20,0x20,0x20,0x20,0x20,0x20,0x20,0x20,0x20,0x20,
  0x2f,0x2f,0x6f,0x75,0x74,0x73,0x69,0x64,0x65,0x20,0x6f,0x66,0x20,0x63,0x69,0x72,
  0x63,0x6c,0x65,0x20,0x72,0x61,0x64,0x69,0x75,0x73,0x3f,0xa,0x20,0x20,0x20,0x20,
  0x7b,0xa,0x20,0x20,0x20,0x20,0x20,0x20,0x20,0x20,0x64,0x69,0x73,0x63,0x61,0x72,
  0x64,0x3b,0xa,0x20,0x20,0x20,0x20,0x20,0x20,0x20,0x20,0x72,0x65,0x74,0x75,0x72,
  0x6e,0x3b,0xa,0x20,0x20,0x20,0x20,0x7d,0xa,0xa,0x20,0x20,0x20,0x20,0x76,0x65,
  0x63,0x34,0x20,0x63,0x6c,0x72,0x3b,0xa,0x20,0x20,0x20,0x20,0x69,0x66,0x28,0x48,
  0x61,0x73,0x55,0x6e,0x69,0x43,0x6f,0x6c,0x6f,0x72,0x3d,0x3d,0x31,0x29,0xa,0x20,
  0x20,0x20,0x20,0x20,0x20,0x20,0x20,0x63,0x6c,0x72,0x20,0x3d,0x20,0x55,0x6e,0x69,
  0x66,0x6f,0x72,0x6d,0x43,0x6f,0x6c,0x6f,0x72,0x3b,0xa,0x20,0x20,0x20,0x20,0x65,
  0x6c,0x73,0x65,0xa,0x20,0x20,0x20,0x20,0x20,0x20,0x20,0x20,0x63,0x6c,0x72,0x20,
  0x3d,0x20,0x70,0x6f,0x69,0x6e,0x74,0x63,0x6f,0x6c,0x6f,0x72,0x3b,0x20,0x2f,0x2f,
  0x20,0x66,0x72,0x6f,0x6d,0x20,0x74,0x68,0x65,0x20,0x56,0x53,0xa,0xa,0x20,0x20,
  0x20,0x20,0x66,0x72,0x61,0x67,0x43,0x6f,0x6c,0x6f,0x72,0x20,0x3d,0x20,0x76,0x65,
  0x63,0x34,0x28,0x63,0x6c,0x72,0x2e,0x78,0x79,0x7a,0x2c,0x20,0x31,0x2e,0x30,0x2d,
  0x6c,0x65,0x6e,0x67,0x74,0x68,0x28,0x63,0x6f,0x6f,0x72,0x64,0x29,0x2a,0x32,0x2e,
  0x30,0x29,0x3b,0xa,0x7d,0xa,
    // boids2_CS.glsl
  0x0,0x0,0x8,0x84,
  0x28,
  0xb5,0x2f,0xfd,0x60,0xe6,0x1e,0xd5,0x43,0x0,0xaa,0x41,0x50,0xc,0x28,0xd0,0xb2,
  0xea,0x1,0xd0,0x36,0xac,0x32,0x13,0xdc,0xe9,0xaa,0x5d,0xbe,0xf2,0x8d,0x8a,0x34,
  0x51,0x69,0x9c,0x10,0x91,0xc,0x83,0x40,0x59,0xe0,0xf9,0x71,0x8e,0xe7,0xf2,0xb,
  0x7c,0xf1,0x0,0x5f,0x98,0x12,0xbd,0x0,0xbb,0x0,0xb7,0x0,0x6e,0x4d,0xae,0xa8,
  0x3d,0xd2,0x3a,0xc5,0xae,0x65,0xde,0xfa,0xe2,0xe9,0xdb,0xad,0x9a,0x26,0x3b,0xf7,
  0xed,0x61,0xe7,0xe6,0x96,0x17,0x98,0x96,0x1c,0x46,0x33,0xde,0x52,0xfb,0xdc,0xed,
  0xfb,0x9b,0xbb,0x55,0x2b,0xb7,0xcc,0xb2,0x7b,0xfd,0x1c,0x9e,0x9b,0xdb,0xea,0x73,
  0x18,0xb7,0xb5,0xfa,0x61,0xda,0x7f,0xa7,0x3b,0x72,0xe3,0x5b,0x62,0x4b,0x5f,0xd7,
  0x6f,0x63,0xff,0xfc,0x5c,0xa7,0x1d,0x72,0x65,0x59,0x8c,0x8e,0xbd,0xc6,0x9b,0xbe,
  0x37,0x19,0xd3,0x7a,0x3d,0x8,0x8a,0x48,0x1c,0x63,0xa9,0x60,0x2a,0xb,0x9,0x13,
  0x14,0xdf,0x57,0xb,0x4d,0x62,0x37,0xbf,0xd5,0xdf,0xb3,0x92,0xe3,0xdc,0xae,0x9f,
  0xcf,0xeb,0xd1,0x7e,0x80,0x35,0xbc,0x3d,0x46,0x8,0xa2,0x56,0x75,0x39,0xa6,0xe2,
  0xc2,0x90,0x30,0x21,0xb1,0x2a,0xcb,0x2b,0xb,0x13,0x11,0xd,0x18,0x9,0xf,0x95,
  0xc4,0x29,0x30,0x17,0x86,0xca,0x2,0x44,0xa5,0xc2,0xa1,0x1,0xe2,0x32,0x29,0xf0,
  0x4a,0xc6,0x5,0x93,0x91,0xa8,0x88,0x98,0xb0,0xf8,0xdf,0x4a,0x5f,0xb,0x80,0x20,
  0x4b,0x32,0xf1,0x8b,0xab,0xce,0xcf,0x9,0x8,0xd9,0xf2,0x71,0x51,0x7e,0x59,0x11,
  0x89,0x82,0xd1,0xe4,0xb5,0xfd,0x9b,0xbd,0xfd,0xd9,0xa5,0x82,0x48,0x40,0x89,0x9c,
  0x56,0xc9,0x93,0x3b,0xd2,0x7e,0x62,0xbf,0xc5,0x6e,0xb7,0xba,0xf4,0xb9,0x3c,0xe,
  0xc9,0xbc,0x93,0xf9,0x4f,0xd5,0x19,0x6c,0x23,0xbf,0x32,0x57,0x86,0x29,0x6c,0x68,
  0x68,0x1e,0xa1,0x80,0xc1,0x78,0x7e,0x4a,0x3d,0x8d,0x4b,0x96,0x67,0xb7,0x6a,0x1c,
  0xa2,0x7d,0x96,0x9c,0x8e,0x20,0x69,0x32,0xf9,0x24,0xd2,0x3f,0xeb,0xce,0x11,0xef,
  0x6c,0x44,0x60,0x4,0x6a,0xe8,0x4c,0xf1,0x61,0xa7,0x7d,0xe,0xa6,0x71,0xe7,0xee,
  0x90,0x7,0x24,0xb7,0x64,0xd0,0xd4,0xbc,0x77,0x82,0xef,0xe9,0x41,0x19,0x5b,0xbc,
  0xe0,0xd9,0xd5,0xa5,0x49,0xd4,0xf9,0x9d,0xdf,0xe2,0xf3,0xe4,0xe7,0xbc,0x4f,0xb4,
  0x27,0x39,0x60,0x1c,0x2c,0x51,0x86,0x63,0x62,0xab,0x90,0xf9,0x29,0x69,0xfe,0x7d,
  0x2f,0xb1,0x72,0xd4,0x2f,0xda,0xed,0x7e,0x87,0xe3,0x96,0x71,0xa5,0xf1,0xc5,0x99,
  0xe3,0xa8,0xbe,0xef,0x8b,0xf1,0x40,0x77,0x7b,0x73,0x7,0x92,0xf9,0x1c,0x8f,0xb5,
  0x72,0x56,0x5a,0x67,0x97,0x89,0x39,0xf7,0x62,0xa5,0x6,0x5b,0xcb,0x8d,0x6e,0xe5,
  0x4c,0xe,0x25,0xd4,0xd4,0x27,0x87,0x93,0xc2,0x2d,0x3f,0x6f,0xf9,0x35,0xb6,0xd3,
  0xb1,0x8,0xe5,0xd3,0x48,0x45,0xdb,0xad,0x1b,0x3c,0xff,0xb5,0xeb,0xe7,0x76,0x46,
  0xc1,0x8b,0xd2,0x5a,0x53,0x49,0x6b,0xed,0x52,0x4a,0xa,0xba,0x94,0x12,0x83,0x93,
  0x22,0x4d,0x1a,0x71,0x7b,0xbb,0x6f,0x31,0x8e,0xf6,0xb9,0xea,0xb7,0x28,0xd0,0x87,
  0xa6,0x31,0x83,0x94,0x7f,0xaa,0x95,0x9b,0x8c,0xaf,0x67,0x4e,0x69,0xd5,0x28,0x52,
  0x42,0xd8,0x34,0x65,0x13,0x82,0x4,0x89,0x7e,0x5e,0x99,0x1,0x78,0xd2,0x34,0x21,
  0x54,0xc7,0xac,0x2c,0x63,0x8a,0xca,0x22,0xda,0xa9,0x30,0xb0,0xf3,0x70,0xb6,0x70,
  0x64,0x7c,0xb1,0xf1,0x20,0x32,0x76,0x8b,0x32,0x87,0x26,0xd5,0x5a,0x4a,0x6b,0x5f,
  0x2b,0x9a,0x99,0x8d,0xa7,0x63,0xe6,0x5b,0x57,0x2d,0x63,0xcd,0xe5,0x60,0x1f,0x4f,
  0xa7,0xd2,0xb8,0xab,0x36,0xaa,0xcc,0x3b,0xad,0x62,0x4d,0x8d,0x7e,0x4a,0x26,0xd0,
  0x2f,0xe9,0x3d,0xab,0x40,0x50,0x20,0x41,0xb8,0xff,0x1,0x10,0x4,0x69,0x71,0x3b,
  0x54,0x3d,0xff,0x46,0xdf,0x97,0x6f,0xfd,0x3b,0xef,0x43,0x22,0x91,0x44,0x22,0x98,
  0x14,0xa5,0x4a,0x7d,0xd5,0x75,0xd5,0x28,0xf3,0xd,0x6b,0xaa,0x70,0x42,0x51,0x94,
  0xea,0xdb,0x6b,0xbf,0x5c,0xbf,0x6f,0x5a,0x39,0xd,0x91,0xb2,0xc,0x8b,0x98,0x4,
  0x89,0xf6,0x7c,0x4b,0x3f,0x3b,0xa4,0x20,0x25,0xca,0xaa,0xc9,0xec,0x49,0x1f,0x38,
  0xc1,0x9d,0x3b,0xba,0x8d,0xa4,0x9c,0xf2,0xf9,0x7c,0x28,0x84,0x8f,0xc7,0xe3,0xf1,
  0x50,0x4e,0xf9,0xc0,0x1c,0x52,0x9d,0xca,0xc3,0xa5,0x89,0x42,0x70,0xea,0x74,0x5e,
  0xf,0x6b,0x1c,0x92,0x7f,0x6b,0x49,0x5d,0xc0,0x22,0x80,0x12,0x24,0xa8,0xae,0xc9,
  0xd,0x2a,0xb,0x42,0x89,0x22,0x51,0x91,0x45,0x91,0x20,0x16,0xbc,0x80,0x5d,0xd4,
  0x84,0x63,0xe2,0xed,0x56,0x66,0xdc,0xe1,0xdc,0xb9,0xae,0x53,0xe6,0xbd,0x65,0x8c,
  0x31,0x1b,0x18,0x70,0xce,0xf7,0x77,0x4e,0x89,0x5d,0xcd,0xe2,0x69,0xd7,0xfc,0xe5,
  0xe7,0x60,0xe9,0x78,0x63,0xdf,0x59,0x76,0xae,0x5d,0x3c,0x5f,0xfb,0x6b,0x2f,0x46,
  0x86,0x82,0x7b,0xa8,0x2,0xdc,0x9a,0x21,0x1a,0x11,0x91,0x24,0x49,0x32,0x8d,0x1,
  0xd2,0x18,0x4,0x22,0x99,0x20,0xe8,0x79,0x8d,0xf,0xe2,0x80,0x2c,0x90,0x80,0x18,
  0x4e,0x19,0xa3,0x88,0x33,0x84,0xcc,0x48,0x30,0x22,0x12,0x48,0x20,0x22,0x42,0x92,
  0xa6,0x3,0xbf,0xf8,0xd4,0x3e,0x47,0x89,0xa4,0xd4,0xbc,0x67,0xff,0x6e,0x75,0xfb,
  0xb7,0xb9,0xa1,0x1c,0x95,0x39,0x2d,0xda,0xb3,0xd9,0x69,0xb3,0xc1,0x18,0x22,0x25,
  0x1,0xae,0xaa,0xd3,0x1f,0x9b,0xc1,0x12,0xd6,0x2a,0x79,0x8e,0x5f,0xae,0x69,0xf9,
  0x1a,0x8d,0xdc,0x4,0x19,0xbd,0x37,0x1b,0x62,0xfa,0x41,0x4,0x33,0xb6,0x93,0xe5,
  0x22,0xd1,0x45,0x5f,0x1c,0x4,0x6b,0x1f,0xe,0x90,0x51,0xed,0x75,0x71,0x82,0xed,
  0x69,0x19,0x13,0x56,0xa8,0x7,0xa0,0x36,0xf9,0xa2,0xd,0xb,0x19,0xe2,0x6c,0x3a,
  0x11,0xcb,0xbf,0xc7,0x5d,0xae,0x3a,0x2,0x37,0x96,0x62,0x40,0x49,0xb9,0x33,0x4f,
  0xbc,0x23,0x50,0x59,0x7c,0x41,0xb2,0x4c,0x3e,0x20,0x15,0xa,0xd5,0x38,0xca,0x36,
  0x69,0x30,0x9a,0x7a,0xc2,0xa8,0xe4,0x1f,0xb8,0x94,0x91,0x3d,0x48,0xb1,0x1e,0x6f,
  0xc0,0x94,0x0,0xb5,0x31,0xbc,0xba,0xac,0x23,0xda,0x37,0x3a,0xad,0x3e,0xbd,0x7,
  0x7a,0x9d,0x18,0x79,0xb8,0x8e,0xc7,0x4d,0xd6,0xc4,0x54,0xdc,0xec,0xc,0x1e,0x1c,
  0xa3,0x1e,0xd2,0xe,0x21,0xc,0xa1,0x83,0x59,0x85,0x87,0xd3,0xa1,0xa3,0x19,0x10,
  0x58,0x3,0x91,0x29,0xcf,0x50,0x90,0x20,0xc8,0x23,0xcf,0xcf,0x2,0x9,0x49,0xf6,
  0x1c,0xe8,0x7,0x88,0x89,0x56,0xb3,0xf8,0xa7,0x3a,0x5f,0x5a,0xd4,0x8d,0x2d,0xb5,
  0x3c,0xe7,0x31,0x6c,0x46,0x8b,0x7,0x85,0x15,0x5b,0x4b,0x99,0xe0,0x18,0x42,0x26,
  0x97,0xbb,0x87,0xcb,0x85,0x4d,0x3a,0x51,0xb3,0x89,0x7b,0x1,0x3e,0x25,0x9f,0xc5,
  0xf2,0xe3,0x4c,0xb0,0x9a,0x24,0x31,0xfc,0x78,0xf4,0xb2,0x8f,0x3a,0x1f,0xfc,0x16,
  0x59,0x3d,0xcc,0x67,0xfa,0x2e,0xd9,0xc,0xf7,0x26,0xb9,0xf2,0xc3,0x64,0xe5,0x21,
  0xe,0x8e,0x8c,0xa1,0xcb,0x56,0xf6,0x6f,0xec,0xc3,0xc2,0xad,0xd,0xa9,0xa8,0x42,
  0xfd,0x22,0xee,0x4c,0xcb,0x99,0x4,0x80,0x48,0x6f,0x9c,0x66,0x19,0x74,0xdc,0x43,
  0x85,0xc7,0x96,0x16,0xa1,0x4c,0xda,0x75,0x42,0xa7,0x2f,0xe9,0xf5,0xb3,0x15,0xdc,
  0xf2,0x5f,0x73,0xac,0x18,0x11,0x2f,0x54,0x6e,0x1d,0xb7,0xad,0xe1,0xc7,0xe4,0xcc,
  0x22,0xfb,0x1c,0x87,0x26,0x93,0xde,0x44,0x35,0xf5,0x21,0xd3,0x6a,0x69,0x92,0x56,
  0x1d,0xd1,0xf2,0x71,0xf8,0xc6,0x25,0x3b,0xce,0xa4,0x98,0xbc,0xe7,0x13,0xe9,0x61,
  0xcd,0xe6,0x22,0xcd,0x1c,0x2b,0x84,0x66,0x83,0xb,0x90,0xc0,0xa4,0x90,0xd4,0xd8,
  0x8e,0x3f,0xc9,0x7a,0xd9,0x40,0x25,0x17,0x22,0xe4,0x7b,0x8a,0xa9,0x1c,0x8b,0x50,
  0x8e,0xe2,0x11,0x91,0xf9,0xb0,0x19,0xbd,0x31,0x36,0xee,0x1d,0xb1,0xc5,0xdc,0x9,
  0xb,0x47,0xf2,0xbe,0xdc,0xb8,0x76,0xee,0x11,0x71,0xca,0x51,0x39,0x2d,0x75,0x2d,
  0xca,0xc0,0xef,0x85,0x6a,0xe5,0x21,0x4,0x23,0xa7,0x27,0x75,0x21,0x7e,0xee,0x92,
  0x19,0x76,0x4a,0x77,0x22,0x4a,0x20,0x29,0x70,0xf,0x35,0x10,0x60,0xb0,0x4d,0xb5,
  0x2c,0x81,0x3b,0x9,0x56,0xc2,0x38,0x75,0x63,0x82,0xb3,0x9b,0xa5,0x2e,0xd1,0x35,
  0x75,0xad,0xe5,0x45,0x59,0x55,0x25,0xfe,0x8,0x4a,0x8,0x3d,0x27,0x10,0x7a,0x77,
  0xa6,0xc0,0x61,0x5a,0x5f,0xb2,0xc9,0xb3,0x89,0x4e,0x60,0x91,0x7e,0xf8,0x38,0x14,
  0xa6,0xf6,0xea,0x26,0x21,0x62,0x54,0x15,0xad,0xe0,0x48,0x86,0xf1,0xd7,0xb3,0x3b,
  0x6f,0x81,0x3b,0xf0,0x34,0x8c,0x50,0xfe,0xad,0x17,0x95,0xa3,0x19,0xd1,0x22,0x78,
  0x9,0x68,0x68,0xae,0xa3,0x3b,0x8b,0xfc,0x9,0x68,0xbd,0xc5,0x6a,0xc4,0xa5,0xae,
  0x8,0x3f,0x5e,0x90,0xac,0x70,0x64,0x99,0x65,0x38,0xcf,0x8c,0xbf,0xf0,0xe6,0xab,
  0x9d,0xe1,0x3c,0xb6,0x63,0x54,0xf9,0x8c,0xa8,0x79,0x3f,0xbc,0xa6,0xa6,0xac,0x34,
  0xd,0x54,0x3b,0xae,0x22,0xbc,0xeb,0x4f,0xef,0x3b,0x53,0x17,0x7b,0xc,0xb8,0x7b,
  0x5a,0xc6,0x31,0x99,0xd,0xa4,0xff,0x80,0xd0,0xa2,0x61,0xdf,0x44,0x4e,0x64,0x58,
  0x3,0x7d,0x58,0xe,0x22,0x58,0x86,0x3c,0x90,0x77,0x82,0x2c,0xd8,0x56,0xce,0x3e,
  0xc7,0xa3,0xe8,0xbe,0x16,0x67,0xf3,0xc9,0x43,0x39,0xd7,0xd,0xfc,0x53,0x87,0xef,
  0x40,0x1e,0xa3,0xd,0x34,0x29,0xcc,0x5c,0x89,0xb3,0x93,0xbd,0x12,0x53,0xef,0xb9,
  0xa1,0xda,0xfa,0x69,0x9b,0xe0,0xf6,0xcb,0x71,0xe3,0x98,0x97,0x6a,0x5f,0xa7,0x79,
  0x80,0x90,0x30,0xf4,0x92,0x9c,0x8c,0xbc,0x74,0x34,0xa0,0x68,0xe5,0x82,0xf2,0x6,
  0x13,0x48,0x57,0x9b,0x7d,0x32,0xdb,0x50,0xe6,0x1c,0x81,0xa2,0xc3,0x65,0x2f,0x70,
  0xf3,0xcf,0x46,0x5b,0x3c,0x5e,0x66,0xea,0x12,0x81,0x32,0x3f,0xf5,0x38,0x66,0x9c,
  0x39,0xae,0x9c,0x16,0x21,0x46,0xe5,0x35,0x9c,0x66,0x3,0x5d,0x5,0x16,0x10,0xb1,
  0x3a,0x36,0xcd,0x26,0x53,0x58,0x4,0x17,0x7d,0xd1,0x5,0x3e,0xfe,0xe5,0x7a,0x22,
  0x5d,0xf8,0x73,0xd4,0xa0,0x35,0x2b,0x5d,0x23,0xe5,0x7d,0x81,0x95,0x31,0x65,0x5b,
  0xc3,0x26,0x5e,0x19,0xa,0xd7,0xb6,0x18,0x9e,0x34,0x6f,0xa7,0x5c,0xf,0x81,0xda,
  0xa5,0xd2,0xf2,0xf,0x2b,0xc2,0xcf,0x7c,0x10,0x7e,0xcb,0xaa,0xd9,0xf5,0x33,0x69,
  0xc4,0x3,0x73,0xe7,0x1f,0x3b,0xfc,0xf3,0xf2,0xe1,0xd0,0x5b,0x5b,0x69,0x8f,0x15,
  0x3d,0xf2,0xb9,0x45,0xf,0xda,0x11,0x9,0xaa,0xf,0xe9,0x4e,0xe7,0x23,0x36,0xf0,
  0xc3,0x99,0x2d,0x48,0xc8,0xc8,0xbc,0xcd,0xc9,0xa4,0x24,0xfa,0xb7,0xed,0x21,0xca,
  0xad,0x92,0x3b,0x92,0x85,0xf4,0x64,0x14,0xfe,0x80,0xb1,0x2b,0x1a,0x79,0x34,0x12,
  0x74,0x3a,0xe1,0x50,0x8c,0x6b,0xf9,0x73,0x10,0xd9,0xed,0x4b,0x26,0xb8,0xdd,0xfe,
  0xbd,0x52,0x4c,0x60,0x10,0x67,0x4,0x7c,0x8f,0x24,0xf3,0x4c,0xe4,0xd9,0xa9,0xea,
  0x1e,0x24,0x6b,0x49,0x39,0xa6,0x9a,0xa,0x45,0x19,0x88,0xcc,0x98,0x2b,0xf1,0xa0,
  0x67,0x4d,0xa6,0xdf,0x1f,0x4,0x3b,0x4b,0x79,0x6f,0x2c,0x8b,0x9,0x2e,0xe7,0x16,
  0x85,0xbf,0x7f,0xdb,0x72,0xf7,0x82,0xf2,0x2,0x57,0xa3,0xad,0xa7,0x85,0x40,0x79,
  0xb0,0xe6,0xd1,0x99,0x83,0x5a,0x38,0x6b,0x73,0x7d,0x19,0x36,0xd5,0x6e,0x53,0x51,
  0xb8,0xc5,0x34,0x2c,0x8d,0xeb,0xf7,0x66,0x25,0x8c,0xf9,0xa6,0xea,0xa9,0xb3,0x5c,
  0xd0,0x7f,0x5a,0x55,0xf1,0xed,0x5,0x85,0x5e,0x5c,0x86,0x2e,0xf5,0xfb,0x2f,0x27,
  0x7a,0xb9,0x36,0x5f,0x80,0xb2,0x60,0x63,0x26,0x91,0xb8,0xf2,0x9,0xeb,0xeb,0x5,
  0x9a,0x6e,0xfc,0x88,0x94,0x57,0xe1,0x20,0x62,0xf6,0xf5,0x4f,0x56,0xe6,0x72,0x7a,
  0x60,0x12,0x0,0x26,0x9b,0xf7,0x8f,0x19,0x4e,0x8a,0xb5,0xe9,0x53,0xb7,0x46,0x2d,
  0x2,0x4d,0xa1,0xb5,0x64,0xf5,0xc1,0x42,0xa4,0x26,0xba,0x6,0xe7,0x38,0x68,0x94,
  0x5a,0xd,0x2a,0x40,0x1a,0x6b,0x3c,0x87,0xce,0xa2,0x6e,0xc9,0xc8,0xb1,0xe0,0xe8,
  0xb9,0x82,0xff,0x10,0xd5,0x22,0x46,0x4,0x6b,0x89,0x6d,0x87,0x51,0xbc,0xbe,0x48,
  0x6c,0xc5,0xbd,0xce,0x2,0x12,0x65,0xf5,0x52,0x96,0xbc,0x8d,0x2f,0x28,0x7d,0x81,
  0xcc,0xdd,0x39,0x60,0xa0,0x47,0x2c,0x95,0xb9,0xf4,0x3b,0x24,0x80,0xaa,0xc,0xcb,
  0x59,0x27,0xf6,0xe4,0xce,0xda,0x84,0x70,0x3a,0x0,0xf,0xbb,0x57,0xaa,0x8,0x61,
  0x1f,0x82,0xab,0xee,0xf5,0x2,0xc4,0xf9,0x2c,0xfb,0xb4,0xcd,0xad,0xe5,0xa1,0xd6,
  0x87,0xd7,0x38,0x1a,0x8a,0xd5,0x24,0xa1,0x14,0x48,0xa2,0xd2,0x2,0xed,0x2a,0xf5,
  0x93,0x69,0xd6,0x0,0x59,0x19,0x10,0xd8,0x99,0x70,0x5b,0xa2,0xa3,0x47,0x3e,0x44,
  0x7b,0x1f,0xf3,0xd5,0x4,0x9,0x4c,0x4,0x22,0xd7,0x1b,0xe2,0x74,0x31,0xa8,0x46,
  0x3e,0x10,0xf8,0x43,0xc8,0x10,0x1c,0xd1,0xa9,0x3,0x81,0x4b,0xaf,0xe0,0xc4,0x44,
  0xda,0x33,0x96,0xc4,0x80,0x1e,0xa8,0xac,0xd9,0x7b,0x3b,0xbb,0x74,0xbc,0x73,0x48,
  0xcc,0x0,0x22,0xa0,0x1,0xd2,0xa4,0x5f,0x7f,0xbb,0xdc,0x4d,0xbf,0x98,0x28,0x14,
  0x52,0x52,0x35,0xe1,0x13,0x7e,0x19,0xeb,0x77,0x85,0x5f,0x77,0xfd,0xcd,0x39,0xe7,
  0x74,0x9e,0xb4,0xee,0x2d,0x1c,0x88,0xc7,0x99,0x11,0x33,0x46,0x9c,0xba,0xe9,0x3d,
  0x26,0x88,0x1d,0xfb,0xef,0x6d,0x78,0x88,0xae,0x6e,0x85,0xa1,0xd5,0x73,0x78,0x9a,
  0xab,0x6b,0x3,
    // lorenz2_CS.glsl
  0x0,0x0,0xd,0xe3,
  0x23,
  0x76,0x65,0x72,0x73,0x69,0x6f,0x6e,0x20,0x34,0x33,0x30,0xa,0xa,0x75,0x6e,0x69,
  0x66,0x6f,0x72,0x6d,0x20,0x66,0x6c,0x6f,0x61,0x74,0x20,0x72,0x61,0x64,0x69,0x75,
  0x73,0x3b,0xa,0x75,0x6e,0x69,0x66,0x6f,0x72,0x6d,0x20,0x66,0x6c,0x6f,0x61,0x74,
  0x20,0x64,0x74,0x3b,0x20,0x2f,0x2f,0x20,0x69,0x6e,0x20,0x6d,0x73,0xa,0xa,0x2f,
  0x2f,0x20,0x44,0x65,0x63,0x6c,0x61,0x72,0x65,0x20,0x74,0x68,0x65,0x20,0x63,0x75,
  0x73,0x74,0x6f,0x6d,0x20,0x64,0x61,0x74,0x61,0x20,0x74,0x79,0x70,0x65,0x20,0x74,
  0x68,0x61,0x74,0x20,0x72,0x65,0x70,0x72,0x65,0x73,0x65,0x6e,0x74,0x73,0x20,0x6f,
  0x6e,0x65,0x20,0x70,0x6f,0x69,0x6e,0x74,0x20,0x6f,0x66,0x20,0x61,0x20,0x63,0x69,
  0x72,0x63,0x6c,0x65,0x2e,0xa,0x2f,0x2f,0x20,0x54,0x68,0x69,0x73,0x20,0x69,0x73,
  0x20,0x76,0x65,0x72,0x74,0x65,0x78,0x20,0x70,0x6f,0x73,0x69,0x74,0x69,0x6f,0x6e,
  0x20,0x61,0x6e,0x64,0x20,0x63,0x6f,0x6c,0x6f,0x72,0x20,0x72,0x65,0x73,0x70,0x65,
  0x63,0x74,0x69,0x76,0x65,0x6c,0x79,0x2c,0xa,0x2f,0x2f,0x20,0x74,0x68,0x61,0x74,
  0x20,0x64,0x65,0x66,0x69,0x6e,0x65,0x73,0x20,0x74,0x68,0x65,0x20,0x69,0x6e,0x74,
  0x65,0x72,0x6c,0x65,0x61,0x76,0x65,0x64,0x20,0x64,0x61,0x74,0x61,0x20,0x77,0x69,
  0x74,0x68,0x69,0x6e,0x20,0x61,0xa,0x2f,0x2f,0x20,0x62,0x75,0x66,0x66,0x65,0x72,
  0x20,0x74,0x68,0x61,0x74,0x20,0x69,0x73,0x20,0x56,0x65,0x72,0x74,0x65,0x78,0x7c,
  0x43,0x6f,0x6c,0x6f,0x72,0x7c,0x56,0x65,0x72,0x74,0x65,0x78,0x7c,0x43,0x6f,0x6c,
  0x6f,0x72,0x7c,0xa,0x73,0x74,0x72,0x75,0x63,0x74,0x20,0x41,0x74,0x74,0x72,0x69,
  0x62,0x44,0x61,0x74,0x61,0xa,0x7b,0xa,0x20,0x20,0x20,0x20,0x76,0x65,0x63,0x34,
  0x20,0x76,0x3b,0xa,0x20,0x20,0x20,0x20,0x76,0x65,0x63,0x34,0x20,0x63,0x3b,0xa,
  0x7d,0x3b,0xa,0xa,0x2f,0x2f,0x20,0x44,0x65,0x63,0x6c,0x61,0x72,0x65,0x20,0x61,
  0x6e,0x20,0x69,0x6e,0x70,0x75,0x74,0x2f,0x6f,0x75,0x74,0x70,0x75,0x74,0x20,0x62,
  0x75,0x66,0x66,0x65,0x72,0x20,0x74,0x68,0x61,0x74,0x20,0x73,0x74,0x6f,0x72,0x65,
  0x73,0x20,0x64,0x61,0x74,0x61,0x2e,0xa,0x2f,0x2f,0x20,0x54,0x68,0x69,0x73,0x20,
  0x73,0x68,0x61,0x64,0x65,0x72,0x20,0x6f,0x6e,0x6c,0x79,0x20,0x77,0x72,0x69,0x74,
  0x65,0x73,0x20,0x64,0x61,0x74,0x61,0x20,0x69,0x6e,0x74,0x6f,0x20,0x74,0x68,0x65,
  0x20,0x62,0x75,0x66,0x66,0x65,0x72,0x2e,0xa,0x2f,0x2f,0x20,0x73,0x74,0x64,0x34,
  0x33,0x30,0x20,0x69,0x73,0x20,0x61,0x20,0x73,0x74,0x61,0x6e,0x64,0x61,0x72,0x64,
  0x20,0x70,0x61,0x63,0x6b,0x69,0x6e,0x67,0x20,0x6c,0x61,0x79,0x6f,0x75,0x74,0x20,
  0x77,0x68,0x69,0x63,0x68,0x20,0x69,0x73,0x20,0x70,0x72,0x65,0x66,0x65,0x72,0x72,
  0x65,0x64,0x20,0x66,0x6f,0x72,0x20,0x53,0x53,0x42,0x4f,0x73,0x2e,0xa,0x2f,0x2f,
  0x20,0x49,0x74,0x73,0x20,0x62,0x69,0x6e,0x61,0x72,0x79,0x20,0x6c,0x61,0x79,0x6f,
  0x75,0x74,0x20,0x69,0x73,0x20,0x77,0x65,0x6c,0x6c,0x20,0x64,0x65,0x66,0x69,0x6e,
  0x65,0x64,0x2e,0xa,0x2f,0x2f,0x20,0x42,0x69,0x6e,0x64,0x20,0x74,0x68,0x65,0x20,
  0x62,0x75,0x66,0x66,0x65,0x72,0x20,0x74,0x6f,0x20,0x69,0x6e,0x64,0x65,0x78,0x20,
  0x30,0x2e,0x20,0x59,0x6f,0x75,0x20,0x6d,0x75,0x73,0x74,0x20,0x73,0x65,0x74,0x20,
  0x74,0x68,0x65,0x20,0x62,0x75,0x66,0x66,0x65,0x72,0x20,0x62,0x69,0x6e,0x64,0x69,
  0x6e,0x67,0xa,0x2f,0x2f,0x20,0x69,0x6e,0x20,0x74,0x68,0x65,0x20,0x72,0x61,0x6e,
  0x67,0x65,0x20,0x5b,0x30,0x2e,0x2e,0x33,0x5d,0x2e,0x20,0x54,0x68,0x69,0x73,0x20,
  0x69,0x73,0x20,0x74,0x68,0x65,0x20,0x6d,0x69,0x6e,0x69,0x6d,0x75,0x6d,0x20,0x72,
  0x61,0x6e,0x67,0x65,0x20,0x61,0x70,0x70,0x72,0x6f,0x76,0x65,0x64,0x20,0x62,0x79,
  0x20,0x4b,0x68,0x72,0x6f,0x6e,0x6f,0x73,0x2e,0xa,0x2f,0x2f,0x20,0x53,0x6f,0x6d,
  0x65,0x20,0x70,0x6c,0x61,0x74,0x66,0x6f,0x72,0x6d,0x73,0x20,0x6d,0x69,0x67,0x68,
  0x74,0x20,0x73,0x75,0x70,0x70,0x6f,0x72,0x74,0x20,0x6d,0x6f,0x72,0x65,0x20,0x69,
  0x6e,0x64,0x69,0x63,0x65,0x73,0x2e,0xa,0x6c,0x61,0x79,0x6f,0x75,0x74,0x28,0x73,
  0x68,0x61,0x72,0x65,0x64,0x2c,0x20,0x62,0x69,0x6e,0x64,0x69,0x6e,0x67,0x20,0x3d,
  0x20,0x30,0x29,0x20,0x62,0x75,0x66,0x66,0x65,0x72,0x20,0x53,0x53,0x42,0x4f,0xa,
  0x7b,0xa,0x20,0x20,0x20,0x20,0x41,0x74,0x74,0x72,0x69,0x62,0x44,0x61,0x74,0x61,
  0x20,0x64,0x61,0x74,0x61,0x5b,0x5d,0x3b,0xa,0x7d,0x20,0x6f,0x75,0x74,0x42,0x75,
  0x66,0x66,0x65,0x72,0x3b,0xa,0xa,0x2f,0x2f,0x20,0x44,0x65,0x63,0x6c,0x61,0x72,
  0x65,0x20,0x74,0x68,0x65,0x20,0x67,0x72,0x6f,0x75,0x70,0x20,0x73,0x69,0x7a,0x65,
  0x2e,0xa,0x23,0x64,0x65,0x66,0x69,0x6e,0x65,0x20,0x4c,0x4f,0x52,0x45,0x4e,0x5a,
  0x5f,0x47,0x52,0x4f,0x55,0x50,0x5f,0x53,0x49,0x5a,0x45,0x20,0x35,0x31,0x32,0xa,
  0x6c,0x61,0x79,0x6f,0x75,0x74,0x20,0x28,0x6c,0x6f,0x63,0x61,0x6c,0x5f,0x73,0x69,
  0x7a,0x65,0x5f,0x78,0x20,0x3d,0x20,0x4c,0x4f,0x52,0x45,0x4e,0x5a,0x5f,0x47,0x52,
  0x4f,0x55,0x50,0x5f,0x53,0x49,0x5a,0x45,0x2c,0x20,0x6c,0x6f,0x63,0x61,0x6c,0x5f,
  0x73,0x69,0x7a,0x65,0x5f,0x79,0x20,0x3d,0x20,0x31,0x2c,0x20,0x6c,0x6f,0x63,0x61,
  0x6c,0x5f,0x73,0x69,0x7a,0x65,0x5f,0x7a,0x20,0x3d,0x20,0x31,0x29,0x20,0x69,0x6e,
  0x3b,0xa,0xa,0xa,0x66,0x6c,0x6f,0x61,0x74,0x20,0x67,0x6c,0x47,0x65,0x74,0x52,
  0x65,0x64,0x28,0x66,0x6c,0x6f,0x61,0x74,0x20,0x74,0x61,0x75,0x29,0xa,0x7b,0xa,
  0x20,0x20,0x20,0x20,0x69,0x66,0x20,0x20,0x20,0x20,0x20,0x28,0x74,0x61,0x75,0x3e,
  0x32,0x2e,0x30,0x66,0x2f,0x33,0x2e,0x30,0x66,0x29,0x20,0x72,0x65,0x74,0x75,0x72,
  0x6e,0x20,0x31,0x2e,0x30,0x66,0x3b,0xa,0x20,0x20,0x20,0x20,0x65,0x6c,0x73,0x65,
  0x20,0x69,0x66,0x28,0x74,0x61,0x75,0x3e,0x31,0x2e,0x30,0x66,0x2f,0x33,0x2e,0x30,
  0x66,0x29,0x20,0x72,0x65,0x74,0x75,0x72,0x6e,0x20,0x28,0x33,0x2e,0x30,0x66,0x2a,
  0x28,0x74,0x61,0x75,0x2d,0x31,0x2e,0x30,0x66,0x2f,0x33,0x2e,0x30,0x66,0x29,0x29,
  0x3b,0xa,0x20,0x20,0x20,0x20,0x65,0x6c,0x73,0x65,0x20,0x20,0x20,0x20,0x20,0x20,
  0x20,0x20,0x20,0x20,0x20,0x20,0x20,0x20,0x20,0x20,0x20,0x20,0x20,0x72,0x65,0x74,
  0x75,0x72,0x6e,0x20,0x30,0x2e,0x30,0x66,0x3b,0xa,0x7d,0xa,0xa,0x66,0x6c,0x6f,
  0x61,0x74,0x20,0x67,0x6c,0x47,0x65,0x74,0x47,0x72,0x65,0x65,0x6e,0x28,0x66,0x6c,
  0x6f,0x61,0x74,0x20,0x74,0x61,0x75,0x29,0xa,0x7b,0xa,0x20,0x20,0x20,0x20,0x69,
  0x66,0x20,0x20,0x20,0x20,0x20,0x28,0x74,0x61,0x75,0x3c,0x30,0x2e,0x30,0x66,0x20,
  0x7c,0x7c,0x20,0x74,0x61,0x75,0x3e,0x31,0x2e,0x30,0x66,0x29,0x20,0x72,0x65,0x74,
  0x75,0x72,0x6e,0x20,0x30,0x2e,0x30,0x66,0x3b,0xa,0x20,0x20,0x20,0x20,0x65,0x6c,
  0x73,0x65,0x20,0x69,0x66,0x28,0x74,0x61,0x75,0x3c,0x31,0x2e,0x30,0x66,0x2f,0x34,
  0x2e,0x30,0x66,0x29,0x20,0x20,0x20,0x20,0x20,0x20,0x20,0x20,0x72,0x65,0x74,0x75,
  0x72,0x6e,0x20,0x28,0x34,0x2e,0x30,0x66,0x2a,0x74,0x61,0x75,0x29,0x3b,0xa,0x20,
  0x20,0x20,0x20,0x65,0x6c,0x73,0x65,0x20,0x69,0x66,0x28,0x74,0x61,0x75,0x3e,0x33,
  0x2e,0x30,0x66,0x2f,0x34,0x2e,0x30,0x66,0x29,0x20,0x20,0x20,0x20,0x20,0x20,0x20,
  0x20,0x72,0x65,0x74,0x75,0x72,0x6e,0x20,0x28,0x31,0x2e,0x30,0x66,0x2d,0x34,0x2e,
  0x30,0x66,0x2a,0x28,0x74,0x61,0x75,0x2d,0x33,0x2e,0x30,0x66,0x2f,0x34,0x2e,0x30,
  0x66,0x29,0x29,0x3b,0xa,0x20,0x20,0x20,0x20,0x65,0x6c,0x73,0x65,0x20,0x20,0x20,
  0x20,0x20,0x20,0x20,0x20,0x20,0x20,0x20,0x20,0x20,0x20,0x20,0x20,0x20,0x20,0x20,
  0x20,0x20,0x20,0x20,0x20,0x20,0x20,0x72,0x65,0x74,0x75,0x72,0x6e,0x20,0x31,0x2e,
  0x30,0x3b,0xa,0x7d,0xa,0xa,0x66,0x6c,0x6f,0x61,0x74,0x20,0x67,0x6c,0x47,0x65,
  0x74,0x42,0x6c,0x75,0x65,0x28,0x66,0x6c,0x6f,0x61,0x74,0x20,0x74,0x61,0x75,0x29,
  0xa,0x7b,0xa,0x20,0x20,0x20,0x20,0x69,0x66,0x28,0x74,0x61,0x75,0x3e,0x32,0x2e,
  0x30,0x66,0x2f,0x33,0x2e,0x30,0x66,0x29,0x20,0x20,0x20,0x20,0x20,0x20,0x72,0x65,
  0x74,0x75,0x72,0x6e,0x20,0x30,0x2e,0x30,0x66,0x3b,0xa,0x20,0x20,0x20,0x20,0x65,
  0x6c,0x73,0x65,0x20,0x69,0x66,0x28,0x74,0x61,0x75,0x3e,0x31,0x2e,0x30,0x66,0x2f,
  0x33,0x2e,0x30,0x66,0x29,0x20,0x72,0x65,0x74,0x75,0x72,0x6e,0x20,0x28,0x31,0x2e,
  0x30,0x66,0x2d,0x33,0x2e,0x30,0x66,0x2a,0x28,0x74,0x61,0x75,0x2d,0x31,0x2e,0x30,
  0x66,0x2f,0x33,0x2e,0x30,0x66,0x29,0x29,0x3b,0xa,0x20,0x20,0x20,0x20,0x65,0x6c,
  0x73,0x65,0x20,0x20,0x20,0x20,0x20,0x20,0x20,0x20,0x20,0x20,0x20,0x20,0x20,0x20,
  0x20,0x20,0x20,0x20,0x20,0x72,0x65,0x74,0x75,0x72,0x6e,0x20,0x31,0x2e,0x30,0x66,
  0x3b,0xa,0x7d,0xa,0xa,0x23,0x64,0x65,0x66,0x69,0x6e,0x65,0x20,0x73,0x69,0x67,
  0x6d,0x61,0x20,0x31,0x30,0x2e,0x30,0xa,0x23,0x64,0x65,0x66,0x69,0x6e,0x65,0x20,
  0x62,0x65,0x74,0x61,0x20,0x32,0x2e,0x36,0x36,0x36,0x37,0xa,0x23,0x64,0x65,0x66,
  0x69,0x6e,0x65,0x20,0x72,0x68,0x6f,0x20,0x32,0x38,0x2e,0x30,0xa,0xa,0x66,0x6c,
  0x6f,0x61,0x74,0x20,0x66,0x28,0x66,0x6c,0x6f,0x61,0x74,0x20,0x78,0x2c,0x20,0x66,
  0x6c,0x6f,0x61,0x74,0x20,0x79,0x2c,0x20,0x66,0x6c,0x6f,0x61,0x74,0x20,0x7a,0x29,
  0x20,0x20,0x7b,0x72,0x65,0x74,0x75,0x72,0x6e,0x20,0x73,0x69,0x67,0x6d,0x61,0x2a,
  0x28,0x79,0x2d,0x78,0x29,0x3b,0x7d,0xa,0x66,0x6c,0x6f,0x61,0x74,0x20,0x67,0x28,
  0x66,0x6c,0x6f,0x61,0x74,0x20,0x78,0x2c,0x20,0x66,0x6c,0x6f,0x61,0x74,0x20,0x79,
  0x2c,0x20,0x66,0x6c,0x6f,0x61,0x74,0x20,0x7a,0x29,0x20,0x20,0x7b,0x72,0x65,0x74,
  0x75,0x72,0x6e,0x20,0x78,0x2a,0x28,0x72,0x68,0x6f,0x2d,0x7a,0x29,0x2d,0x79,0x3b,
  0x7d,0xa,0x66,0x6c,0x6f,0x61,0x74,0x20,0x68,0x28,0x66,0x6c,0x6f,0x61,0x74,0x20,
  0x78,0x2c,0x20,0x66,0x6c,0x6f,0x61,0x74,0x20,0x79,0x2c,0x20,0x66,0x6c,0x6f,0x61,
  0x74,0x20,0x7a,0x29,0x20,0x20,0x7b,0x72,0x65,0x74,0x75,0x72,0x6e,0x20,0x78,0x2a,
  0x79,0x2d,0x62,0x65,0x74,0x61,0x2a,0x7a,0x3b,0x7d,0xa,0xa,0xa,0x76,0x65,0x63,
  0x34,0x20,0x6d,0x6f,0x76,0x65,0x49,0x74,0x28,0x76,0x65,0x63,0x34,0x20,0x70,0x74,
  0x29,0xa,0x7b,0xa,0x20,0x20,0x20,0x20,0x76,0x65,0x63,0x34,0x20,0x70,0x74,0x6f,
  0x75,0x74,0x20,0x3d,0x20,0x70,0x74,0x3b,0xa,0xa,0x20,0x20,0x20,0x20,0x2f,0x2f,
  0x70,0x72,0x65,0x64,0x69,0x63,0x74,0x6f,0x72,0xa,0x20,0x20,0x20,0x20,0x66,0x6c,
  0x6f,0x61,0x74,0x20,0x6b,0x31,0x20,0x3d,0x20,0x66,0x28,0x70,0x74,0x2e,0x78,0x2c,
  0x20,0x20,0x20,0x20,0x20,0x20,0x20,0x20,0x20,0x20,0x20,0x70,0x74,0x2e,0x79,0x2c,
  0x20,0x20,0x20,0x20,0x20,0x20,0x20,0x20,0x20,0x20,0x20,0x20,0x20,0x70,0x74,0x2e,
  0x7a,0x29,0x3b,0xa,0x20,0x20,0x20,0x20,0x66,0x6c,0x6f,0x61,0x74,0x20,0x6c,0x31,
  0x20,0x3d,0x20,0x67,0x28,0x70,0x74,0x2e,0x78,0x2c,0x20,0x20,0x20,0x20,0x20,0x20,
  0x20,0x20,0x20,0x20,0x20,0x70,0x74,0x2e,0x79,0x2c,0x20,0x20,0x20,0x20,0x20,0x20,
  0x20,0x20,0x20,0x20,0x20,0x20,0x20,0x70,0x74,0x2e,0x7a,0x29,0x3b,0xa,0x20,0x20,
  0x20,0x20,0x66,0x6c,0x6f,0x61,0x74,0x20,0x6d,0x31,0x20,0x3d,0x20,0x68,0x28,0x70,
  0x74,0x2e,0x78,0x2c,0x20,0x20,0x20,0x20,0x20,0x20,0x20,0x20,0x20,0x20,0x20,0x70,
  0x74,0x2e,0x79,0x2c,0x20,0x20,0x20,0x20,0x20,0x20,0x20,0x20,0x20,0x20,0x20,0x20,
  0x20,0x70,0x74,0x2e,0x7a,0x29,0x3b,0xa,0xa,0x20,0x20,0x20,0x20,0x66,0x6c,0x6f,
  0x61,0x74,0x20,0x6b,0x32,0x20,0x3d,0x20,0x66,0x28,0x70,0x74,0x2e,0x78,0x2b,0x30,
  0x2e,0x35,0x2a,0x6b,0x31,0x2a,0x64,0x74,0x2c,0x20,0x70,0x74,0x2e,0x79,0x2b,0x28,
  0x30,0x2e,0x35,0x2a,0x6c,0x31,0x2a,0x64,0x74,0x29,0x2c,0x20,0x70,0x74,0x2e,0x7a,
  0x2b,0x28,0x30,0x2e,0x35,0x2a,0x6d,0x31,0x2a,0x64,0x74,0x29,0x29,0x3b,0xa,0x20,
  0x20,0x20,0x20,0x66,0x6c,0x6f,0x61,0x74,0x20,0x6c,0x32,0x20,0x3d,0x20,0x67,0x28,
  0x70,0x74,0x2e,0x78,0x2b,0x30,0x2e,0x35,0x2a,0x6b,0x31,0x2a,0x64,0x74,0x2c,0x20,
  0x70,0x74,0x2e,0x79,0x2b,0x28,0x30,0x2e,0x35,0x2a,0x6c,0x31,0x2a,0x64,0x74,0x29,
  0x2c,0x20,0x70,0x74,0x2e,0x7a,0x2b,0x28,0x30,0x2e,0x35,0x2a,0x6d,0x31,0x2a,0x64,
  0x74,0x29,0x29,0x3b,0xa,0x20,0x20,0x20,0x20,0x66,0x6c,0x6f,0x61,0x74,0x20,0x6d,
  0x32,0x20,0x3d,0x20,0x68,0x28,0x70,0x74,0x2e,0x78,0x2b,0x30,0x2e,0x35,0x2a,0x6b,
  0x31,0x2a,0x64,0x74,0x2c,0x20,0x70,0x74,0x2e,0x79,0x2b,0x28,0x30,0x2e,0x35,0x2a,
  0x6c,0x31,0x2a,0x64,0x74,0x29,0x2c,0x20,0x70,0x74,0x2e,0x7a,0x2b,0x28,0x30,0x2e,
  0x35,0x2a,0x6d,0x31,0x2a,0x64,0x74,0x29,0x29,0x3b,0xa,0xa,0x20,0x20,0x20,0x20,
  0x66,0x6c,0x6f,0x61,0x74,0x20,0x6b,0x33,0x20,0x3d,0x20,0x66,0x28,0x70,0x74,0x2e,
  0x78,0x2b,0x30,0x2e,0x35,0x2a,0x6b,0x32,0x2a,0x64,0x74,0x2c,0x20,0x70,0x74,0x2e,
  0x79,0x2b,0x28,0x30,0x2e,0x35,0x2a,0x6c,0x32,0x2a,0x64,0x74,0x29,0x2c,0x20,0x70,
  0x74,0x2e,0x7a,0x2b,0x28,0x30,0x2e,0x35,0x2a,0x6d,0x32,0x2a,0x64,0x74,0x29,0x29,
  0x3b,0xa,0x20,0x20,0x20,0x20,0x66,0x6c,0x6f,0x61,0x74,0x20,0x6c,0x33,0x20,0x3d,
  0x20,0x67,0x28,0x70,0x74,0x2e,0x78,0x2b,0x30,0x2e,0x35,0x2a,0x6b,0x32,0x2a,0x64,
  0x74,0x2c,0x20,0x70,0x74,0x2e,0x79,0x2b,0x28,0x30,0x2e,0x35,0x2a,0x6c,0x32,0x2a,
  0x64,0x74,0x29,0x2c,0x20,0x70,0x74,0x2e,0x7a,0x2b,0x28,0x30,0x2e,0x35,0x2a,0x6d,
  0x32,0x2a,0x64,0x74,0x29,0x29,0x3b,0xa,0x20,0x20,0x20,0x20,0x66,0x6c,0x6f,0x61,
  0x74,0x20,0x6d,0x33,0x20,0x3d,0x20,0x68,0x28,0x70,0x74,0x2e,0x78,0x2b,0x30,0x2e,
  0x35,0x2a,0x6b,0x32,0x2a,0x64,0x74,0x2c,0x20,0x70,0x74,0x2e,0x79,0x2b,0x28,0x30,
  0x2e,0x35,0x2a,0x6c,0x32,0x2a,0x64,0x74,0x29,0x2c,0x20,0x70,0x74,0x2e,0x7a,0x2b,
  0x28,0x30,0x2e,0x35,0x2a,0x6d,0x32,0x2a,0x64,0x74,0x29,0x29,0x3b,0xa,0xa,0x20,
  0x20,0x20,0x20,0x66,0x6c,0x6f,0x61,0x74,0x20,0x6b,0x34,0x20,0x3d,0x20,0x66,0x28,
  0x70,0x74,0x2e,0x78,0x2b,0x6b,0x33,0x2a,0x64,0x74,0x2c,0x20,0x20,0x20,0x20,0x20,
  0x70,0x74,0x2e,0x79,0x2b,0x6c,0x33,0x2a,0x64,0x74,0x2c,0x20,0x20,0x20,0x20,0x20,
  0x20,0x20,0x70,0x74,0x2e,0x7a,0x2b,0x6d,0x33,0x2a,0x64,0x74,0x29,0x3b,0xa,0x20,
  0x20,0x20,0x20,0x66,0x6c,0x6f,0x61,0x74,0x20,0x6c,0x34,0x20,0x3d,0x20,0x67,0x28,
  0x70,0x74,0x2e,0x78,0x2b,0x6b,0x33,0x2a,0x64,0x74,0x2c,0x20,0x20,0x20,0x20,0x20,
  0x70,0x74,0x2e,0x79,0x2b,0x6c,0x33,0x2a,0x64,0x74,0x2c,0x20,0x20,0x20,0x20,0x20,
  0x20,0x20,0x70,0x74,0x2e,0x7a,0x2b,0x6d,0x33,0x2a,0x64,0x74,0x29,0x3b,0xa,0x20,
  0x20,0x20,0x20,0x66,0x6c,0x6f,0x61,0x74,0x20,0x6d,0x34,0x20,0x3d,0x20,0x68,0x28,
  0x70,0x74,0x2e,0x78,0x2b,0x6b,0x33,0x2a,0x64,0x74,0x2c,0x20,0x20,0x20,0x20,0x20,
  0x70,0x74,0x2e,0x79,0x2b,0x6c,0x33,0x2a,0x64,0x74,0x2c,0x20,0x20,0x20,0x20,0x20,
  0x20,0x20,0x70,0x74,0x2e,0x7a,0x2b,0x6d,0x33,0x2a,0x64,0x74,0x29,0x3b,0xa,0xa,
  0x20,0x20,0x20,0x20,0x2f,0x2f,0x63,0x6f,0x72,0x72,0x65,0x63,0x74,0x6f,0x72,0xa,
  0x20,0x20,0x20,0x20,0x70,0x74,0x6f,0x75,0x74,0x2e,0x78,0x20,0x2b,0x3d,0x20,0x64,
  0x74,0x2a,0x28,0x6b,0x31,0x20,0x2b,0x32,0x2a,0x6b,0x32,0x20,0x2b,0x32,0x2a,0x6b,
  0x33,0x20,0x2b,0x6b,0x34,0x29,0x2f,0x36,0x3b,0xa,0x20,0x20,0x20,0x20,0x70,0x74,
  0x6f,0x75,0x74,0x2e,0x79,0x20,0x2b,0x3d,0x20,0x64,0x74,0x2a,0x28,0x6c,0x31,0x20,
  0x2b,0x32,0x2a,0x6c,0x32,0x20,0x2b,0x32,0x2a,0x6c,0x33,0x20,0x2b,0x6c,0x34,0x29,
  0x2f,0x36,0x3b,0xa,0x20,0x20,0x20,0x20,0x70,0x74,0x6f,0x75,0x74,0x2e,0x7a,0x20,
  0x2b,0x3d,0x20,0x64,0x74,0x2a,0x28,0x6d,0x31,0x20,0x2b,0x32,0x2a,0x6d,0x32,0x20,
  0x2b,0x32,0x2a,0x6d,0x33,0x20,0x2b,0x6d,0x34,0x29,0x2f,0x36,0x3b,0xa,0xa,0x20,
  0x20,0x20,0x20,0x72,0x65,0x74,0x75,0x72,0x6e,0x20,0x70,0x74,0x6f,0x75,0x74,0x3b,
  0xa,0x7d,0xa,0xa,0xa,0x76,0x6f,0x69,0x64,0x20,0x6d,0x61,0x69,0x6e,0x28,0x29,
  0xa,0x7b,0xa,0x20,0x20,0x20,0x20,0x20,0x20,0x20,0x20,0x2f,0x2f,0x20,0x52,0x65,
  0x61,0x64,0x20,0x74,0x68,0x65,0x20,0x63,0x75,0x72,0x72,0x65,0x6e,0x74,0x20,0x67,
  0x6c,0x6f,0x62,0x61,0x6c,0x20,0x70,0x6f,0x73,0x69,0x74,0x69,0x6f,0x6e,0x20,0x66,
  0x6f,0x72,0x20,0x74,0x68,0x69,0x73,0x20,0x74,0x68,0x72,0x65,0x61,0x64,0xa,0x20,
  0x20,0x20,0x20,0x20,0x20,0x20,0x20,0x75,0x69,0x6e,0x74,0x20,0x73,0x74,0x6f,0x72,
  0x65,0x50,0x6f,0x73,0x20,0x3d,0x20,0x67,0x6c,0x5f,0x47,0x6c,0x6f,0x62,0x61,0x6c,
  0x49,0x6e,0x76,0x6f,0x63,0x61,0x74,0x69,0x6f,0x6e,0x49,0x44,0x2e,0x78,0x3b,0xa,
  0xa,0x20,0x20,0x20,0x20,0x20,0x20,0x20,0x20,0x2f,0x2f,0x20,0x43,0x61,0x6c,0x63,
  0x75,0x6c,0x61,0x74,0x65,0x20,0x74,0x68,0x65,0x20,0x67,0x6c,0x6f,0x62,0x61,0x6c,
  0x20,0x6e,0x75,0x6d,0x62,0x65,0x72,0x20,0x6f,0x66,0x20,0x74,0x68,0x72,0x65,0x61,
  0x64,0x73,0x20,0x28,0x73,0x69,0x7a,0x65,0x29,0x20,0x66,0x6f,0x72,0x20,0x74,0x68,
  0x69,0x73,0x20,0x77,0x6f,0x72,0x6b,0x20,0x64,0x69,0x73,0x70,0x61,0x74,0x63,0x68,
  0x2e,0xa,0x2f,0x2f,0x20,0x20,0x20,0x20,0x20,0x20,0x20,0x20,0x75,0x69,0x6e,0x74,
  0x20,0x67,0x53,0x69,0x7a,0x65,0x20,0x3d,0x20,0x67,0x6c,0x5f,0x57,0x6f,0x72,0x6b,
  0x47,0x72,0x6f,0x75,0x70,0x53,0x69,0x7a,0x65,0x2e,0x78,0x20,0x2a,0x20,0x67,0x6c,
  0x5f,0x4e,0x75,0x6d,0x57,0x6f,0x72,0x6b,0x47,0x72,0x6f,0x75,0x70,0x73,0x2e,0x78,
  0x3b,0xa,0xa,0xa,0x20,0x20,0x20,0x20,0x20,0x20,0x20,0x20,0x2f,0x2f,0x20,0x43,
  0x61,0x6c,0x63,0x75,0x6c,0x61,0x74,0x65,0x20,0x74,0x68,0x65,0x20,0x76,0x65,0x72,
  0x74,0x65,0x78,0x20,0x70,0x6f,0x73,0x69,0x74,0x69,0x6f,0x6e,0xa,0x20,0x20,0x20,
  0x20,0x20,0x20,0x20,0x20,0x76,0x65,0x63,0x34,0x20,0x6f,0x6c,0x64,0x70,0x6f,0x73,
  0x20,0x3d,0x20,0x6f,0x75,0x74,0x42,0x75,0x66,0x66,0x65,0x72,0x2e,0x64,0x61,0x74,
  0x61,0x5b,0x73,0x74,0x6f,0x72,0x65,0x50,0x6f,0x73,0x5d,0x2e,0x76,0x3b,0xa,0x20,
  0x20,0x20,0x20,0x20,0x20,0x20,0x20,0x76,0x65,0x63,0x34,0x20,0x6e,0x65,0x77,0x70,
  0x6f,0x73,0x20,0x3d,0x20,0x6d,0x6f,0x76,0x65,0x49,0x74,0x28,0x6f,0x75,0x74,0x42,
  0x75,0x66,0x66,0x65,0x72,0x2e,0x64,0x61,0x74,0x61,0x5b,0x73,0x74,0x6f,0x72,0x65,
  0x50,0x6f,0x73,0x5d,0x2e,0x76,0x29,0x3b,0xa,0x20,0x20,0x20,0x20,0x20,0x20,0x20,
  0x20,0x6f,0x75,0x74,0x42,0x75,0x66,0x66,0x65,0x72,0x2e,0x64,0x61,0x74,0x61,0x5b,
  0x73,0x74,0x6f,0x72,0x65,0x50,0x6f,0x73,0x5d,0x2e,0x76,0x20,0x3d,0x20,0x6e,0x65,
  0x77,0x70,0x6f,0x73,0x3b,0xa,0xa,0xa,0x20,0x20,0x20,0x20,0x20,0x20,0x20,0x20,
  0x66,0x6c,0x6f,0x61,0x74,0x20,0x64,0x78,0x20,0x3d,0x20,0x66,0x28,0x6e,0x65,0x77,
  0x70,0x6f,0x73,0x2e,0x78,0x2c,0x20,0x6e,0x65,0x77,0x70,0x6f,0x73,0x2e,0x79,0x2c,
  0x20,0x6e,0x65,0x77,0x70,0x6f,0x73,0x2e,0x7a,0x29,0x3b,0xa,0x20,0x20,0x20,0x20,
  0x20,0x20,0x20,0x20,0x66,0x6c,0x6f,0x61,0x74,0x20,0x64,0x79,0x20,0x3d,0x20,0x67,
  0x28,0x6e,0x65,0x77,0x70,0x6f,0x73,0x2e,0x78,0x2c,0x20,0x6e,0x65,0x77,0x70,0x6f,
  0x73,0x2e,0x79,0x2c,0x20,0x6e,0x65,0x77,0x70,0x6f,0x73,0x2e,0x7a,0x29,0x3b,0xa,
  0x20,0x20,0x20,0x20,0x20,0x20,0x20,0x20,0x66,0x6c,0x6f,0x61,0x74,0x20,0x64,0x7a,
  0x20,0x3d,0x20,0x68,0x28,0x6e,0x65,0x77,0x70,0x6f,0x73,0x2e,0x78,0x2c,0x20,0x6e,
  0x65,0x77,0x70,0x6f,0x73,0x2e,0x79,0x2c,0x20,0x6e,0x65,0x77,0x70,0x6f,0x73,0x2e,
  0x7a,0x29,0x3b,0xa,0x20,0x20,0x20,0x20,0x20,0x20,0x20,0x20,0x66,0x6c,0x6f,0x61,
  0x74,0x20,0x73,0x74,0x65,0x70,0x20,0x3d,0x20,0x73,0x71,0x72,0x74,0x28,0x64,0x78,
  0x2a,0x64,0x78,0x2b,0x64,0x79,0x2a,0x64,0x79,0x2b,0x64,0x7a,0x2a,0x64,0x7a,0x29,
  0x2f,0x33,0x30,0x30,0x2e,0x30,0x3b,0xa,0x20,0x20,0x20,0x20,0x20,0x20,0x20,0x20,
  0x6f,0x75,0x74,0x42,0x75,0x66,0x66,0x65,0x72,0x2e,0x64,0x61,0x74,0x61,0x5b,0x73,
  0x74,0x6f,0x72,0x65,0x50,0x6f,0x73,0x5d,0x2e,0x63,0x20,0x3d,0x20,0x76,0x65,0x63,
  0x34,0x28,0x67,0x6c,0x47,0x65,0x74,0x52,0x65,0x64,0x28,0x73,0x74,0x65,0x70,0x29,
  0x2c,0x20,0x67,0x6c,0x47,0x65,0x74,0x47,0x72,0x65,0x65,0x6e,0x28,0x73,0x74,0x65,
  0x70,0x29,0x2c,0x20,0x67,0x6c,0x47,0x65,0x74,0x42,0x6c,0x75,0x65,0x28,0x73,0x74,
  0x65,0x70,0x29,0x2c,0x20,0x31,0x2e,0x30,0x29,0x3b,0xa,0x7d,0xa,0xa,0xa,0xa,
  0xa,0xa,
  
};

static const unsigned char qt_resource_name[] = {
  // shaders
  0x0,0x7,
  0x9,0xe7,0xac,0x73,
  0x0,0x73,
  0x0,0x68,0x0,0x61,0x0,0x64,0x0,0x65,0x0,0x72,0x0,0x73,
    // lorenz2
  0x0,0x7,
  0x3,0x68,0xc5,0x32,
  0x0,0x6c,
  0x0,0x6f,0x0,0x72,0x0,0x65,0x0,0x6e,0x0,0x7a,0x0,0x32,
    // boids2
  0x0,0x6,
  0x6,0x95,0xfb,0x62,
  0x0,0x62,
  0x0,0x6f,0x0,0x69,0x0,0x64,0x0,0x73,0x0,0x32,
    // point2
  0x0,0x6,
  0x7,0x76,0x5,0x72,
  0x0,0x70,
  0x0,0x6f,0x0,0x69,0x0,0x6e,0x0,0x74,0x0,0x32,
    // point
  0x0,0x5,
  0x0,0x77,0x60,0x54,
  0x0,0x70,
  0x0,0x6f,0x0,0x69,0x0,0x6e,0x0,0x74,
    // surface
  0x0,0x7,
  0xa,0xc8,0xc7,0x75,
  0x0,0x73,
  0x0,0x75,0x0,0x72,0x0,0x66,0x0,0x61,0x0,0x63,0x0,0x65,
    // line
  0x0,0x4,
  0x0,0x7,0x30,0x45,
  0x0,0x6c,
  0x0,0x69,0x0,0x6e,0x0,0x65,
    // flow
  0x0,0x4,
  0x0,0x6,0xd3,0x67,
  0x0,0x66,
  0x0,0x6c,0x0,0x6f,0x0,0x77,
    // shaders2d
  0x0,0x9,
  0x7,0xac,0x65,0x44,
  0x0,0x73,
  0x0,0x68,0x0,0x61,0x0,0x64,0x0,0x65,0x0,0x72,0x0,0x73,0x0,0x32,0x0,0x64,
    // shadow
  0x0,0x6,
  0x7,0x9e,0x7b,0x67,
  0x0,0x73,
  0x0,0x68,0x0,0x61,0x0,0x64,0x0,0x6f,0x0,0x77,
    // depth_VS.glsl
  0x0,0xd,
  0xe,0xeb,0xbe,0xbc,
  0x0,0x64,
  0x0,0x65,0x0,0x70,0x0,0x74,0x0,0x68,0x0,0x5f,0x0,0x56,0x0,0x53,0x0,0x2e,0x0,0x67,0x0,0x6c,0x0,0x73,0x0,0x6c,
    // depth_FS.glsl
  0x0,0xd,
  0xe,0xeb,0xbe,0x5c,
  0x0,0x64,
  0x0,0x65,0x0,0x70,0x0,0x74,0x0,0x68,0x0,0x5f,0x0,0x46,0x0,0x53,0x0,0x2e,0x0,0x67,0x0,0x6c,0x0,0x73,0x0,0x6c,
    // fractal_VS.glsl
  0x0,0xf,
  0x4,0x31,0x99,0x1c,
  0x0,0x66,
  0x0,0x72,0x0,0x61,0x0,0x63,0x0,0x74,0x0,0x61,0x0,0x6c,0x0,0x5f,0x0,0x56,0x0,0x53,0x0,0x2e,0x0,0x67,0x0,0x6c,0x0,0x73,0x0,0x6c,
    // julia_FS.glsl
  0x0,0xd,
  0x8,0xe1,0x4c,0x3c,
  0x0,0x6a,
  0x0,0x75,0x0,0x6c,0x0,0x69,0x0,0x61,0x0,0x5f,0x0,0x46,0x0,0x53,0x0,0x2e,0x0,0x67,0x0,0x6c,0x0,0x73,0x0,0x6c,
    // quat_FS.glsl
  0x0,0xc,
  0x4,0x73,0xf7,0xfc,
  0x0,0x71,
  0x0,0x75,0x0,0x61,0x0,0x74,0x0,0x5f,0x0,0x46,0x0,0x53,0x0,0x2e,0x0,0x67,0x0,0x6c,0x0,0x73,0x0,0x6c,
    // newton_FS.glsl
  0x0,0xe,
  0x2,0xb2,0x3e,0xdc,
  0x0,0x6e,
  0x0,0x65,0x0,0x77,0x0,0x74,0x0,0x6f,0x0,0x6e,0x0,0x5f,0x0,0x46,0x0,0x53,0x0,0x2e,0x0,0x67,0x0,0x6c,0x0,0x73,0x0,0x6c,
    // complex_FS.glsl
  0x0,0xf,
  0x3,0xc1,0x16,0x7c,
  0x0,0x63,
  0x0,0x6f,0x0,0x6d,0x0,0x70,0x0,0x6c,0x0,0x65,0x0,0x78,0x0,0x5f,0x0,0x46,0x0,0x53,0x0,0x2e,0x0,0x67,0x0,0x6c,0x0,0x73,0x0,0x6c,
    // flowVtx_CS.glsl
  0x0,0xf,
  0x5,0xfe,0x33,0x3c,
  0x0,0x66,
  0x0,0x6c,0x0,0x6f,0x0,0x77,0x0,0x56,0x0,0x74,0x0,0x78,0x0,0x5f,0x0,0x43,0x0,0x53,0x0,0x2e,0x0,0x67,0x0,0x6c,0x0,0x73,0x0,0x6c,
    // flow3d_CS.glsl
  0x0,0xe,
  0xe,0xb2,0xc,0xbc,
  0x0,0x66,
  0x0,0x6c,0x0,0x6f,0x0,0x77,0x0,0x33,0x0,0x64,0x0,0x5f,0x0,0x43,0x0,0x53,0x0,0x2e,0x0,0x67,0x0,0x6c,0x0,0x73,0x0,0x6c,
    // line_GS.glsl
  0x0,0xc,
  0x2,0x44,0x75,0xfc,
  0x0,0x6c,
  0x0,0x69,0x0,0x6e,0x0,0x65,0x0,0x5f,0x0,0x47,0x0,0x53,0x0,0x2e,0x0,0x67,0x0,0x6c,0x0,0x73,0x0,0x6c,
    // line_FS.glsl
  0x0,0xc,
  0x5,0x44,0x75,0xfc,
  0x0,0x6c,
  0x0,0x69,0x0,0x6e,0x0,0x65,0x0,0x5f,0x0,0x46,0x0,0x53,0x0,0x2e,0x0,0x67,0x0,0x6c,0x0,0x73,0x0,0x6c,
    // line_VS.glsl
  0x0,0xc,
  0x5,0x44,0x75,0x1c,
  0x0,0x6c,
  0x0,0x69,0x0,0x6e,0x0,0x65,0x0,0x5f,0x0,0x56,0x0,0x53,0x0,0x2e,0x0,0x67,0x0,0x6c,0x0,0x73,0x0,0x6c,
    // surface_VS.glsl
  0x0,0xf,
  0xa,0xea,0x3e,0x3c,
  0x0,0x73,
  0x0,0x75,0x0,0x72,0x0,0x66,0x0,0x61,0x0,0x63,0x0,0x65,0x0,0x5f,0x0,0x56,0x0,0x53,0x0,0x2e,0x0,0x67,0x0,0x6c,0x0,0x73,0x0,0x6c,
    // surface_FS.glsl
  0x0,0xf,
  0xa,0xea,0x3e,0xdc,
  0x0,0x73,
  0x0,0x75,0x0,0x72,0x0,0x66,0x0,0x61,0x0,0x63,0x0,0x65,0x0,0x5f,0x0,0x46,0x0,0x53,0x0,0x2e,0x0,0x67,0x0,0x6c,0x0,0x73,0x0,0x6c,
    // point_FS.glsl
  0x0,0xd,
  0x5,0xa4,0x96,0x3c,
  0x0,0x70,
  0x0,0x6f,0x0,0x69,0x0,0x6e,0x0,0x74,0x0,0x5f,0x0,0x46,0x0,0x53,0x0,0x2e,0x0,0x67,0x0,0x6c,0x0,0x73,0x0,0x6c,
    // point_GS.glsl
  0x0,0xd,
  0x2,0xa4,0x96,0x3c,
  0x0,0x70,
  0x0,0x6f,0x0,0x69,0x0,0x6e,0x0,0x74,0x0,0x5f,0x0,0x47,0x0,0x53,0x0,0x2e,0x0,0x67,0x0,0x6c,0x0,0x73,0x0,0x6c,
    // point_VS.glsl
  0x0,0xd,
  0x5,0xa4,0x96,0xdc,
  0x0,0x70,
  0x0,0x6f,0x0,0x69,0x0,0x6e,0x0,0x74,0x0,0x5f,0x0,0x56,0x0,0x53,0x0,0x2e,0x0,0x67,0x0,0x6c,0x0,0x73,0x0,0x6c,
    // point2_VS.glsl
  0x0,0xe,
  0x7,0x6e,0x56,0xdc,
  0x0,0x70,
  0x0,0x6f,0x0,0x69,0x0,0x6e,0x0,0x74,0x0,0x32,0x0,0x5f,0x0,0x56,0x0,0x53,0x0,0x2e,0x0,0x67,0x0,0x6c,0x0,0x73,0x0,0x6c,
    // point2_FS.glsl
  0x0,0xe,
  0x7,0x6e,0x56,0x3c,
  0x0,0x70,
  0x0,0x6f,0x0,0x69,0x0,0x6e,0x0,0x74,0x0,0x32,0x0,0x5f,0x0,0x46,0x0,0x53,0x0,0x2e,0x0,0x67,0x0,0x6c,0x0,0x73,0x0,0x6c,
    // boids2_CS.glsl
  0x0,0xe,
  0x3,0xd2,0x39,0xbc,
  0x0,0x62,
  0x0,0x6f,0x0,0x69,0x0,0x64,0x0,0x73,0x0,0x32,0x0,0x5f,0x0,0x43,0x0,0x53,0x0,0x2e,0x0,0x67,0x0,0x6c,0x0,0x73,0x0,0x6c,
    // lorenz2_CS.glsl
  0x0,0xf,
  0x9,0xee,0xc6,0x5c,
  0x0,0x6c,
  0x0,0x6f,0x0,0x72,0x0,0x65,0x0,0x6e,0x0,0x7a,0x0,0x32,0x0,0x5f,0x0,0x43,0x0,0x53,0x0,0x2e,0x0,0x67,0x0,0x6c,0x0,0x73,0x0,0x6c,
  
};

static const unsigned char qt_resource_struct[] = {
  // :
  0x0,0x0,0x0,0x0,0x0,0x2,0x0,0x0,0x0,0x1,0x0,0x0,0x0,0x1,
0x0,0x0,0x0,0x0,0x0,0x0,0x0,0x0,
  // :/shaders
  0x0,0x0,0x0,0x0,0x0,0x2,0x0,0x0,0x0,0x9,0x0,0x0,0x0,0x2,
0x0,0x0,0x0,0x0,0x0,0x0,0x0,0x0,
  // :/shaders/flow
  0x0,0x0,0x0,0x7e,0x0,0x2,0x0,0x0,0x0,0x2,0x0,0x0,0x0,0x1e,
0x0,0x0,0x0,0x0,0x0,0x0,0x0,0x0,
  // :/shaders/line
  0x0,0x0,0x0,0x70,0x0,0x2,0x0,0x0,0x0,0x3,0x0,0x0,0x0,0x1b,
0x0,0x0,0x0,0x0,0x0,0x0,0x0,0x0,
  // :/shaders/point
  0x0,0x0,0x0,0x4c,0x0,0x2,0x0,0x0,0x0,0x3,0x0,0x0,0x0,0x18,
0x0,0x0,0x0,0x0,0x0,0x0,0x0,0x0,
  // :/shaders/lorenz2
  0x0,0x0,0x0,0x14,0x0,0x2,0x0,0x0,0x0,0x1,0x0,0x0,0x0,0x17,
0x0,0x0,0x0,0x0,0x0,0x0,0x0,0x0,
  // :/shaders/boids2
  0x0,0x0,0x0,0x28,0x0,0x2,0x0,0x0,0x0,0x1,0x0,0x0,0x0,0x16,
0x0,0x0,0x0,0x0,0x0,0x0,0x0,0x0,
  // :/shaders/point2
  0x0,0x0,0x0,0x3a,0x0,0x2,0x0,0x0,0x0,0x2,0x0,0x0,0x0,0x14,
0x0,0x0,0x0,0x0,0x0,0x0,0x0,0x0,
  // :/shaders/shadow
  0x0,0x0,0x0,0xa4,0x0,0x2,0x0,0x0,0x0,0x2,0x0,0x0,0x0,0x12,
0x0,0x0,0x0,0x0,0x0,0x0,0x0,0x0,
  // :/shaders/shaders2d
  0x0,0x0,0x0,0x8c,0x0,0x2,0x0,0x0,0x0,0x5,0x0,0x0,0x0,0xd,
0x0,0x0,0x0,0x0,0x0,0x0,0x0,0x0,
  // :/shaders/surface
  0x0,0x0,0x0,0x5c,0x0,0x2,0x0,0x0,0x0,0x2,0x0,0x0,0x0,0xb,
0x0,0x0,0x0,0x0,0x0,0x0,0x0,0x0,
  // :/shaders/surface/surface_VS.glsl
  0x0,0x0,0x2,0x3e,0x0,0x0,0x0,0x0,0x0,0x1,0x0,0x0,0x45,0xf,
0x0,0x0,0x1,0x9b,0x89,0xe3,0x1f,0x8,
  // :/shaders/surface/surface_FS.glsl
  0x0,0x0,0x2,0x62,0x0,0x4,0x0,0x0,0x0,0x1,0x0,0x0,0x4c,0x69,
0x0,0x0,0x1,0x9b,0x89,0xe3,0x1f,0x8,
  // :/shaders/shaders2d/newton_FS.glsl
  0x0,0x0,0x1,0x58,0x0,0x4,0x0,0x0,0x0,0x1,0x0,0x0,0xd,0xdc,
0x0,0x0,0x1,0x9b,0x89,0xe3,0x1f,0x8,
  // :/shaders/shaders2d/complex_FS.glsl
  0x0,0x0,0x1,0x7a,0x0,0x0,0x0,0x0,0x0,0x1,0x0,0x0,0x10,0x72,
0x0,0x0,0x1,0x9b,0x89,0xe3,0x1f,0x8,
  // :/shaders/shaders2d/fractal_VS.glsl
  0x0,0x0,0x0,0xf6,0x0,0x0,0x0,0x0,0x0,0x1,0x0,0x0,0x3,0x40,
0x0,0x0,0x1,0x9b,0x89,0xe3,0x1f,0x8,
  // :/shaders/shaders2d/quat_FS.glsl
  0x0,0x0,0x1,0x3a,0x0,0x4,0x0,0x0,0x0,0x1,0x0,0x0,0xb,0x17,
0x0,0x0,0x1,0x9b,0x89,0xe3,0x1f,0x8,
  // :/shaders/shaders2d/julia_FS.glsl
  0x0,0x0,0x1,0x1a,0x0,0x0,0x0,0x0,0x0,0x1,0x0,0x0,0x4,0xbb,
0x0,0x0,0x1,0x9b,0x89,0xe3,0x1f,0x8,
  // :/shaders/shadow/depth_FS.glsl
  0x0,0x0,0x0,0xd6,0x0,0x0,0x0,0x0,0x0,0x1,0x0,0x0,0x1,0x3,
0x0,0x0,0x1,0x9b,0x89,0xe3,0x1f,0x8,
  // :/shaders/shadow/depth_VS.glsl
  0x0,0x0,0x0,0xb6,0x0,0x0,0x0,0x0,0x0,0x1,0x0,0x0,0x0,0x0,
0x0,0x0,0x1,0x9b,0x89,0xe3,0x1f,0x8,
  // :/shaders/point2/point2_FS.glsl
  0x0,0x0,0x3,0x8,0x0,0x0,0x0,0x0,0x0,0x1,0x0,0x0,0x6a,0x5f,
0x0,0x0,0x1,0x9b,0x89,0xe3,0x1f,0x8,
  // :/shaders/point2/point2_VS.glsl
  0x0,0x0,0x2,0xe6,0x0,0x0,0x0,0x0,0x0,0x1,0x0,0x0,0x68,0x91,
0x0,0x0,0x1,0x9b,0x89,0xe3,0x1f,0x8,
  // :/shaders/boids2/boids2_CS.glsl
  0x0,0x0,0x3,0x2a,0x0,0x4,0x0,0x0,0x0,0x1,0x0,0x0,0x6d,0xa,
0x0,0x0,0x1,0x9b,0x89,0xe3,0x1f,0x7,
  // :/shaders/lorenz2/lorenz2_CS.glsl
  0x0,0x0,0x3,0x4c,0x0,0x0,0x0,0x0,0x0,0x1,0x0,0x0,0x75,0x92,
0x0,0x0,0x1,0x9b,0x89,0xe3,0x1f,0x7,
  // :/shaders/point/point_GS.glsl
  0x0,0x0,0x2,0xa6,0x0,0x4,0x0,0x0,0x0,0x1,0x0,0x0,0x60,0xc0,
0x0,0x0,0x1,0x9b,0x89,0xe3,0x1f,0x8,
  // :/shaders/point/point_FS.glsl
  0x0,0x0,0x2,0x86,0x0,0x0,0x0,0x0,0x0,0x1,0x0,0x0,0x52,0xd8,
0x0,0x0,0x1,0x9b,0x89,0xe3,0x1f,0x7,
  // :/shaders/point/point_VS.glsl
  0x0,0x0,0x2,0xc6,0x0,0x0,0x0,0x0,0x0,0x1,0x0,0x0,0x67,0xb6,
0x0,0x0,0x1,0x9b,0x89,0xe3,0x1f,0x8,
  // :/shaders/line/line_GS.glsl
  0x0,0x0,0x1,0xe4,0x0,0x0,0x0,0x0,0x0,0x1,0x0,0x0,0x30,0xdf,
0x0,0x0,0x1,0x9b,0x89,0xe3,0x1f,0x7,
  // :/shaders/line/line_VS.glsl
  0x0,0x0,0x2,0x20,0x0,0x0,0x0,0x0,0x0,0x1,0x0,0x0,0x44,0x18,
0x0,0x0,0x1,0x9b,0x89,0xe3,0x1f,0x7,
  // :/shaders/line/line_FS.glsl
  0x0,0x0,0x2,0x2,0x0,0x0,0x0,0x0,0x0,0x1,0x0,0x0,0x3e,0xa,
0x0,0x0,0x1,0x9b,0x89,0xe3,0x1f,0x7,
  // :/shaders/flow/flowVtx_CS.glsl
  0x0,0x0,0x1,0x9e,0x0,0x4,0x0,0x0,0x0,0x1,0x0,0x0,0x1b,0x13,
0x0,0x0,0x1,0x9b,0x89,0xe3,0x1f,0x7,
  // :/shaders/flow/flow3d_CS.glsl
  0x0,0x0,0x1,0xc2,0x0,0x4,0x0,0x0,0x0,0x1,0x0,0x0,0x23,0xd7,
0x0,0x0,0x1,0x9b,0x89,0xe3,0x1f,0x7,

};

#ifdef QT_NAMESPACE
#  define QT_RCC_PREPEND_NAMESPACE(name) ::QT_NAMESPACE::name
#  define QT_RCC_MANGLE_NAMESPACE0(x) x
#  define QT_RCC_MANGLE_NAMESPACE1(a, b) a##_##b
#  define QT_RCC_MANGLE_NAMESPACE2(a, b) QT_RCC_MANGLE_NAMESPACE1(a,b)
#  define QT_RCC_MANGLE_NAMESPACE(name) QT_RCC_MANGLE_NAMESPACE2( \
        QT_RCC_MANGLE_NAMESPACE0(name), QT_RCC_MANGLE_NAMESPACE0(QT_NAMESPACE))
#else
#   define QT_RCC_PREPEND_NAMESPACE(name) name
#   define QT_RCC_MANGLE_NAMESPACE(name) name
#endif

#if defined(QT_INLINE_NAMESPACE)
inline namespace QT_NAMESPACE {
#elif defined(QT_NAMESPACE)
namespace QT_NAMESPACE {
#endif

bool qRegisterResourceData(int, const unsigned char *, const unsigned char *, const unsigned char *);
bool qUnregisterResourceData(int, const unsigned char *, const unsigned char *, const unsigned char *);

#if defined(__ELF__) || defined(__APPLE__)
static inline unsigned char qResourceFeatureZstd()
{
    extern const unsigned char qt_resourceFeatureZstd;
    return qt_resourceFeatureZstd;
}
#else
unsigned char qResourceFeatureZstd();
#endif

#ifdef QT_NAMESPACE
}
#endif

int QT_RCC_MANGLE_NAMESPACE(qInitResources_shaders)();
int QT_RCC_MANGLE_NAMESPACE(qInitResources_shaders)()
{
    int version = 3;
    QT_RCC_PREPEND_NAMESPACE(qRegisterResourceData)
        (version, qt_resource_struct, qt_resource_name, qt_resource_data);
    return 1;
}

int QT_RCC_MANGLE_NAMESPACE(qCleanupResources_shaders)();
int QT_RCC_MANGLE_NAMESPACE(qCleanupResources_shaders)()
{
    int version = 3;
    version += QT_RCC_PREPEND_NAMESPACE(qResourceFeatureZstd());
    QT_RCC_PREPEND_NAMESPACE(qUnregisterResourceData)
       (version, qt_resource_struct, qt_resource_name, qt_resource_data);
    return 1;
}

#ifdef __clang__
#   pragma clang diagnostic push
#   pragma clang diagnostic ignored "-Wexit-time-destructors"
#endif

namespace {
   struct initializer {
       initializer() { QT_RCC_MANGLE_NAMESPACE(qInitResources_shaders)(); }
       ~initializer() { QT_RCC_MANGLE_NAMESPACE(qCleanupResources_shaders)(); }
   } dummy;
}

#ifdef __clang__
#   pragma clang diagnostic pop
#endif
